nombre,area,perimetro,verde,rojo,naranja,feature
apple,1.0,0.02758751902587519,0.0,0.027016742770167426,0.173896499238965,1
apple,1.0,0.011396843950905903,0.0,0.6364374310020131,0.0008117410221442951,1
apple,1.0,0.027984344422700588,0.0,0.3831702544031311,0.2814090019569472,1
apple,1.0,0.007501158886906685,0.0,0.6423604770399921,0.039697144221719646,1
apple,1.0,0.02548701298701299,0.0,0.5266233766233767,0.39285714285714285,1
apple,1.0,0.026013513513513515,0.0,0.0,0.0,1
apple,1.0,0.0323814380418154,0.0,0.0,0.0,1
apple,1.0,0.025833333333333333,0.0,0.0,0.0,1
apple,1.0,0.025478740668614087,0.0,0.5624797143784486,0.42810775722168126,1
apple,1.0,0.025478740668614087,0.0,0.5662122687439143,0.42810775722168126,1
apple,1.0,0.02150786308973173,0.0,0.0,0.0,1
apple,1.0,0.026856524873828405,0.0,0.41943042537851477,0.2828046142754146,1
apple,1.0,0.022020568663036904,0.0,0.0,0.0,1
apple,1.0,0.019624819624819625,0.0,0.0,0.0,1
apple,1.0,0.01991281949673073,0.0,0.0,0.0,1
apple,1.0,0.03148148148148148,0.0,0.0,0.0,1
apple,1.0,0.026491228070175437,0.0,0.7375438596491228,0.24333333333333335,1
apple,1.0,0.03015873015873016,0.0,0.08639455782312926,0.18140589569160998,1
apple,1.0,0.028381642512077296,0.0,0.12459742351046699,0.2832125603864734,1
apple,1.0,0.0331143951833607,0.0,0.3549534756431308,0.09414340448823208,1
apple,1.0,0.030076888285843508,0.0,0.1546811397557666,0.09294436906377204,1
apple,1.0,0.03337041156840934,0.0,0.13070077864293658,0.008342602892102336,1
apple,1.0,0.03581707707067477,0.0,0.38311480652382474,0.01982731052126639,1
apple,1.0,0.018329427519250083,0.0,0.19183126883160362,0.22012052226314027,1
apple,1.0,0.018447998646018447,0.0,0.766945925361767,0.2894981805872895,1
apple,1.0,0.02097902097902098,0.0,0.7329545454545454,0.3589379370629371,1
apple,1.0,0.018219461697722567,0.0,0.7956935817805383,0.003975155279503106,1
apple,1.0,0.018424611223799865,0.0,0.7794117647058824,0.1140973630831643,1
apple,1.0,0.019053639154776956,0.0,0.7588044067184396,0.45123713202094995,1
apple,1.0,0.020442219440967878,0.0,0.6932624113475178,0.22695035460992907,1
apple,1.0,0.01805465191932336,0.0,0.6964053350683149,0.3769518542615485,1
apple,1.0,0.019230769230769232,0.0,0.544008875739645,0.0777551775147929,1
apple,1.0,0.01790545917555308,0.0,0.6647302244150883,0.18939996816807259,1
apple,1.0,0.0177338355304457,0.0,0.47473320778405526,0.3153640929064658,1
apple,1.0,0.019416573764399852,0.0,0.3364920104050539,0.39009661835748793,1
apple,1.0,0.01892996800568788,0.0,0.604514752932812,0.0,1
apple,1.0,0.018207282913165267,0.0,0.6496951721865216,0.01145163947932114,1
apple,1.0,0.020970575318401404,0.0,0.6389986824769434,0.4956082564778217,1
apple,1.0,0.017542515703998774,0.0,0.7659721158265665,0.06549716561973341,1
apple,1.0,0.01740314769975787,0.0,0.5600786924939467,0.29411319612590797,1
apple,1.0,0.01761025720244072,0.0,0.40943847995674676,0.5082258438248243,1
apple,1.0,0.0176984250740683,0.0,0.3231716825198815,0.22064556369873695,1
apple,1.0,0.018751090179661607,0.0,0.7081807081807082,0.3247863247863248,1
apple,1.0,0.027598020555767034,0.0,0.7542824514655501,0.32280167491435097,1
apple,1.0,0.021315192743764172,0.0,0.0,0.0,1
apple,1.0,0.02325895875591616,0.0,0.0,0.0,1
apple,1.0,0.030858676207513418,0.0,0.0,0.0,1
apple,1.0,0.030858676207513418,0.0,0.0,0.0,1
apple,1.0,0.055625,0.0,0.0,0.0,1
apple,1.0,0.025807525807525808,0.0,0.5992340992340992,0.38844488844488845,1
apple,1.0,0.025974025974025976,0.0,0.6033057851239669,0.393489627255861,1
apple,1.0,0.022474747474747474,0.0,0.0,0.0,1
apple,1.0,0.00760500253018145,0.0,0.6253162726812694,0.04652642232342948,1
apple,1.0,0.008709893545745553,0.0,0.6455557209856324,0.05624209037445098,1
apple,1.0,0.007248266152161444,0.0,0.63367575741774,0.23917974657141367,1
apple,1.0,0.008514492753623188,0.0,0.5337862318840579,0.0672463768115942,1
apple,1.0,0.020202020202020204,0.0,0.7821212121212121,0.0025252525252525255,1
apple,1.0,0.025676937441643323,0.0,0.7180205415499533,0.0,1
apple,1.0,0.004298278211321689,0.0,0.5681902638424378,0.1367810396795904,1
apple,1.0,0.01436335403726708,0.0,0.5943808229813664,0.0012131211180124223,1
apple,1.0,0.005501899642376523,0.0,0.6243243444189176,0.2033695417809798,1
apple,1.0,0.027777777777777776,0.0,0.5970293209876543,0.6971450617283951,1
apple,1.0,0.004721419543781701,0.0,0.0,0.0,1
apple,1.0,0.004803090584097331,0.0,0.0,0.0,1
apple,1.0,0.03210066769388803,0.0,0.3302516692347201,0.08012326656394453,1
apple,1.0,0.03233376792698826,0.0,0.0469361147327249,0.13872229465449804,1
apple,1.0,0.028991596638655463,0.0,0.018697478991596638,0.15798319327731092,1
apple,1.0,0.031054405392392875,0.0,0.0,0.0,1
apple,1.0,0.025974025974025976,0.0,0.51357733175915,0.4483049418114353,1
apple,1.0,0.02987736900780379,0.0,0.010702341137123745,0.24972129319955408,1
apple,1.0,0.03154495777446597,0.0,0.09662195727769499,0.11872826626924987,1
apple,1.0,0.030330882352941176,0.0,0.0,0.0,1
apple,1.0,0.02468764112599729,0.0,0.0,0.0,1
apple,1.0,0.02397163120567376,0.0,0.0,0.0,1
apple,1.0,0.024305555555555556,0.0,0.0,0.0,1
apple,1.0,0.006798245614035088,0.0,0.0,0.0,1
apple,1.0,0.027783137179239824,0.0,0.30156280146633224,0.20181362145475593,1
apple,1.0,0.023411829134720702,0.0,0.0,0.0,1
apple,1.0,0.025893752088205813,0.0,0.0,0.0,1
apple,1.0,0.009692638266068759,0.0,0.0,0.0,1
apple,1.0,0.024448419797257006,0.0,0.0,0.0,1
apple,1.0,0.022132550745903645,0.0,0.0,0.0,1
apple,1.0,0.01044450504499591,0.0,0.0,0.0,1
apple,1.0,0.026491228070175437,0.0,0.6121052631578947,0.2892982456140351,1
apple,1.0,0.02800626713670192,0.0,0.2683117900509205,0.6077164120642381,1
apple,1.0,0.02800626713670192,0.0,0.2683117900509205,0.6077164120642381,1
apple,1.0,0.005586984510943779,0.0,0.6795599079239982,0.0005930318754633062,1
apple,1.0,0.0075361907465228495,0.0,0.0,0.0,1
apple,1.0,0.030117753623188404,0.0,0.15670289855072464,0.1478713768115942,1
apple,1.0,0.028404512489927477,0.0,0.2411361804995971,0.354552780016116,1
apple,1.0,0.03152709359605911,0.0,0.0,0.05394088669950739,1
apple,1.0,0.027417840375586856,0.0,0.028544600938967137,0.3415962441314554,1
apple,1.0,0.022474747474747474,0.0,0.0,0.0,1
apple,1.0,0.02564102564102564,0.0,0.7541091387245233,0.08234714003944774,1
apple,1.0,0.027984344422700588,0.0,0.00939334637964775,0.04716242661448141,1
apple,1.0,0.021431828545371637,0.0,0.0,0.0,1
apple,1.0,0.02193718532725965,0.0,0.0,0.0,1
apple,1.0,0.023334690001356666,0.0,0.0,0.0,1
apple,1.0,0.03362227475702653,0.0,0.0,0.0,1
apple,1.0,0.03362227475702653,0.0,0.0,0.0,1
apple,1.0,0.024706420619185602,0.0,0.7280768644197041,0.06100350770169285,1
apple,1.0,0.017507645259938837,0.0,0.18363914373088686,0.09013761467889908,1
apple,1.0,0.017908538535337384,0.0,0.49984010233450593,0.010073552926127279,1
apple,1.0,0.011544319220225403,0.0,0.40587876941821505,0.003837953091684435,1
apple,1.0,0.016527806001490213,0.0,0.49122807017543857,0.0,1
apple,1.0,0.02632034632034632,0.0,0.6864069264069264,0.20086580086580086,1
apple,1.0,0.02666666666666667,0.0,0.7144888888888888,0.4128,1
apple,1.0,0.026846846846846847,0.0,0.7241441441441442,0.4183783783783784,1
apple,1.0,0.03239289446185998,0.0,0.17189132706374086,0.02586206896551724,1
apple,1.0,0.025003906860446946,0.0,0.7091733083294265,0.14955461790904828,1
apple,1.0,0.020835594139989148,0.0,0.7550732501356484,0.08323385784047749,1
apple,1.0,0.018575586372196543,0.0,0.7895052217086116,0.09416195856873823,1
apple,1.0,0.018653479090751345,0.0,0.1523512059691133,0.4621724796113135,1
apple,1.0,0.009547899006471607,0.0,0.5876629295415186,0.17286482544891077,1
apple,1.0,0.017940466613032984,0.0,0.7347546259050683,0.5204344328238134,1
apple,1.0,0.018558295386201563,0.0,0.7211959790359996,0.013317295300283529,1
apple,1.0,0.026687875574407917,0.0,0.0,0.0,1
apple,1.0,0.027984344422700588,0.0,0.3344422700587084,0.5088062622309197,1
apple,1.0,0.02943722943722944,0.0,0.1461038961038961,0.21168831168831168,1
apple,1.0,0.025528455284552845,0.0,0.0,0.0,1
apple,1.0,0.026491228070175437,0.0,0.0,0.0,1
apple,1.0,0.029273504273504274,0.0,0.15982905982905982,0.15042735042735042,1
apple,1.0,0.029030910609857977,0.0,0.09064327485380116,0.0,1
apple,1.0,0.0293236301369863,0.0,0.05971746575342466,0.06506849315068493,1
apple,1.0,0.00653970688479891,0.0,0.6635352760736196,0.0,1
apple,1.0,0.018070818070818073,0.0,0.7005291005291006,0.003907203907203907,1
apple,1.0,0.01796648404769578,0.0,0.2559619722848856,0.24081533999355462,1
apple,1.0,0.017720530835284933,0.0,0.8253708040593286,0.2527712724434036,1
apple,1.0,0.019675925925925927,0.0,0.7450810185185185,0.25559413580246915,1
apple,1.0,0.019675925925925927,0.0,0.6206597222222222,0.1707175925925926,1
apple,1.0,0.02632034632034632,0.0,0.694025974025974,0.2701298701298701,1
apple,1.0,0.02532051282051282,0.0,0.6653846153846154,0.2501602564102564,1
apple,1.0,0.027031963470319633,0.0,0.37990867579908677,0.314703196347032,1
apple,1.0,0.01819535191464726,0.0,0.21536680175337028,0.10487139194442147,1
apple,1.0,0.018070818070818073,0.0,0.617012617012617,0.030687830687830688,1
apple,1.0,0.02075268817204301,0.0,0.6579569892473118,0.022903225806451613,1
apple,1.0,0.018234323432343234,0.0,0.6955445544554455,0.0,1
apple,1.0,0.011968361895510997,0.0,0.5087421078193298,0.021612433220009712,1
apple,1.0,0.019053639154776956,0.0,0.6057431822286437,0.0027090482210583348,1
apple,1.0,0.012590275363997991,0.0,0.5113737303518325,0.009384775808133473,1
apple,1.0,0.018404390037990714,0.0,0.7360911777121149,0.028872942169691853,1
apple,1.0,0.028814262023217248,0.0,0.29311774461028195,0.5051824212271974,1
apple,1.0,0.02133872416891285,0.0,0.0,0.0,1
apple,1.0,0.02145438121047877,0.0,0.0,0.0,1
apple,1.0,0.039154539154539154,0.0,0.0,0.0,1
apple,1.0,0.03149801587301587,0.0,0.015873015873015872,0.16765873015873015,1
apple,1.0,0.025158227848101265,0.0,0.0,0.0,1
apple,1.0,0.02658450704225352,0.0,0.0,0.0,1
apple,1.0,0.02538152610441767,0.0,0.0,0.0,1
apple,1.0,0.02604430914933198,0.0,0.0,0.0,1
apple,1.0,0.02666666666666667,0.0,0.0,0.0,1
apple,1.0,0.025528455284552845,0.0,0.0,0.0,1
apple,1.0,0.021741699161054,0.0,0.0,0.0,1
apple,1.0,0.02744360902255639,0.0,0.26917293233082706,0.2511278195488722,1
apple,1.0,0.025816122584943372,0.0,0.6818787475016655,0.0,1
apple,1.0,0.02758751902587519,0.0,0.20357686453576865,0.1725646879756469,1
apple,1.0,0.02758751902587519,0.0,0.20357686453576865,0.1725646879756469,1
apple,1.0,0.02904040404040404,0.0,0.025673400673400674,0.2735690235690236,1
apple,1.0,0.028174603174603175,0.0,0.014087301587301588,0.12956349206349208,1
apple,1.0,0.021739130434782608,0.0,0.0,0.0,1
apple,1.0,0.025816122584943372,0.0,0.4272151898734177,0.3879080612924717,1
apple,1.0,0.01878969654199012,0.0,0.7357092448835568,0.09527170077628794,1
apple,1.0,0.019638043896804003,0.0,0.628032345013477,0.1290912591451675,1
apple,1.0,0.018329427519250083,0.0,0.5354871108135253,0.6624539671911617,1
apple,1.0,0.019833087874324987,0.0,0.37142857142857144,0.5022091310751104,1
apple,1.0,0.0177338355304457,0.0,0.2889202762084118,0.17435655994978028,1
apple,1.0,0.01970873786407767,0.0,0.8088349514563107,0.05242718446601942,1
apple,1.0,0.028985507246376812,0.0,0.166351606805293,0.2665406427221172,1
apple,1.0,0.02667140825035562,0.0,0.7005689900426743,0.2923186344238976,1
apple,1.0,0.025833333333333333,0.0,0.0,0.0,1
apple,1.0,0.02800626713670192,0.0,0.0,0.0,1
apple,1.0,0.027799227799227798,0.0,0.0,0.0,1
apple,1.0,0.0264808362369338,0.0,0.0,0.0,1
apple,1.0,0.02454819277108434,0.0,0.0,0.0,1
apple,1.0,0.018883049790683174,0.0,0.7579050503251091,0.12371960452480626,1
apple,1.0,0.018796662274923145,0.0,0.8315327184892403,0.05612648221343874,1
apple,1.0,0.017662620603797075,0.0,0.2720199190787426,0.23062558356676005,1
apple,1.0,0.019638043896804003,0.0,0.44984597612629956,0.5408163265306123,1
apple,1.0,0.02097902097902098,0.0,0.6181162587412588,0.4059222027972028,1
apple,1.0,0.019647306881349434,0.0,0.4477669158520222,0.6562200498370712,1
apple,1.0,0.0064011307991317075,0.0,0.3778585491443283,0.2643848755616134,1
apple,1.0,0.018162393162393164,0.0,0.4211867192636423,0.5724030243261012,1
apple,1.0,0.021073646850044366,0.0,0.0,0.0,1
apple,1.0,0.02259959141981614,0.0,0.0,0.0,1
apple,1.0,0.022001934235976787,0.0,0.0,0.0,1
apple,1.0,0.005250048165579501,0.0,0.6654418847879339,0.0,1
apple,1.0,0.028370221327967807,0.0,0.25653923541247486,0.4539235412474849,1
apple,1.0,0.0251661918328585,0.0,0.0,0.0,1
apple,1.0,0.032594856124267886,0.0,0.0,0.0,1
apple,1.0,0.02411038489469862,0.0,0.0,0.0,1
apple,1.0,0.02454080096356519,0.0,0.0,0.0,1
apple,1.0,0.024099883855981417,0.0,0.0,0.0,1
apple,1.0,0.03187452567670124,0.0,0.052871237035163166,0.02251454591449532,1
apple,1.0,0.02638888888888889,0.0,0.05625,0.09861111111111111,1
apple,1.0,0.03337041156840934,0.0,0.44299221357063406,0.07007786429365963,1
apple,1.0,0.028814262023217248,0.0,0.051824212271973466,0.005182421227197346,1
apple,1.0,0.030834914611005692,0.0,0.33159392789373815,0.06309297912713473,1
apple,1.0,0.03125,0.0,0.04345703125,0.10400390625,1
apple,1.0,0.02667140825035562,0.0,0.3506401137980085,0.6111308677098151,1
apple,1.0,0.02651914295749912,0.0,0.0,0.0,1
apple,1.0,0.025657894736842105,0.0,0.0,0.0,1
apple,1.0,0.016387959866220735,0.0,0.0,0.0,1
apple,1.0,0.027984344422700588,0.0,0.43228962818003913,0.46614481409001957,1
apple,1.0,0.026709401709401708,0.0,0.3108974358974359,0.32033475783475784,1
apple,1.0,0.029273504273504274,0.0,0.16816239316239318,0.18012820512820513,1
apple,1.0,0.028949545078577336,0.0,0.07030603804797353,0.0,1
apple,1.0,0.02574682290807064,0.0,0.08186169334873741,0.10001650437365903,1
apple,1.0,0.027402402402402402,0.0,0.42924174174174173,0.2929804804804805,1
apple,1.0,0.02532051282051282,0.0,0.0,0.0,1
apple,1.0,0.02658450704225352,0.0,0.0,0.0,1
apple,1.0,0.021749408983451537,0.0,0.600354609929078,0.2536643026004728,1
apple,1.0,0.028404512489927477,0.0,0.27880741337630943,0.31325543916196613,1
apple,1.0,0.02821939586645469,0.0,0.2808028616852146,0.30902225755166934,1
apple,1.0,0.026491228070175437,0.0,0.7796491228070176,0.1994736842105263,1
apple,1.0,0.03269537480063796,0.0,0.42158426368952684,0.08559276980329612,1
apple,1.0,0.03229166666666667,0.0,0.15442708333333333,0.22734375,1
apple,1.0,0.029083245521601686,0.0,0.0,0.013909378292939936,1
apple,1.0,0.029910714285714287,0.0,0.19776785714285713,0.05803571428571429,1
apple,1.0,0.03154495777446597,0.0,0.046199701937406856,0.03651266766020864,1
apple,1.0,0.028174603174603175,0.0,0.1736111111111111,0.16805555555555557,1
apple,1.0,0.02761904761904762,0.0,0.2419047619047619,0.6388571428571429,1
apple,1.0,0.021235955056179777,0.0,0.0,0.0,1
apple,1.0,0.02094757622285589,0.0,0.0,0.0,1
apple,1.0,0.10583446404341927,0.0,0.0,0.0,1
apple,1.0,0.027031963470319633,0.0,0.4221004566210046,0.2681278538812785,1
apple,1.0,0.027984344422700588,0.0,0.11996086105675147,0.18238747553816048,1
apple,1.0,0.028577260665441927,0.0,0.11165543988569096,0.23902837313737496,1
apple,1.0,0.013306982872200264,0.0,0.3770311813790075,0.3448836187966623,1
apple,1.0,0.013621200889547814,0.0,0.7227112676056338,0.1959321719792439,1
apple,1.0,0.019048455056179775,0.0,0.5870786516853933,0.17652738764044945,1
apple,1.0,0.015891811043250655,0.0,0.6746852798205161,0.35099090115916737,1
apple,1.0,0.024250440917107582,0.0,0.0,0.0,1
apple,1.0,0.026356857985087568,0.0,0.0,0.0,1
apple,1.0,0.026500526500526502,0.0,0.0,0.0,1
apple,1.0,0.028370221327967807,0.0,0.24446680080482897,0.5448692152917505,1
apple,1.0,0.028370221327967807,0.0,0.24446680080482897,0.5448692152917505,1
apple,1.0,0.020276497695852536,0.0,0.0,0.0,1
apple,1.0,0.02244668911335578,0.0,0.0,0.0,1
apple,1.0,0.02249747219413549,0.0,0.0,0.0,1
apple,1.0,0.023717595146166576,0.0,0.0,0.0,1
apple,1.0,0.005018828478230753,0.0,0.0,0.0,1
apple,1.0,0.02800626713670192,0.0,0.02506854680767724,0.09714061887974931,1
apple,1.0,0.029906956136464335,0.0,0.12095702259636686,0.16747895436420027,1
apple,1.0,0.031818181818181815,0.0,0.020454545454545454,0.0,1
apple,1.0,0.03131881575727918,0.0,0.487643748470761,0.2762417421091265,1
apple,1.0,0.03269537480063796,0.0,0.024720893141945772,0.08904837852206274,1
apple,1.0,0.014666029013231309,0.0,0.20606833519315584,0.15835060311387428,1
apple,1.0,0.03239289446185998,0.0,0.18756530825496343,0.19670846394984326,1
apple,1.0,0.0664488017429194,0.0,0.0,0.0,1
apple,1.0,0.028717948717948718,0.0,0.246974358974359,0.629948717948718,1
apple,1.0,0.020410288451525566,0.0,0.46631261064250756,0.2879308549411642,1
apple,1.0,0.017371033238080914,0.0,0.2449240487291322,0.12437960595578282,1
apple,1.0,0.018899733806566104,0.0,0.6661047027506655,0.010913930789707187,1
apple,1.0,0.018849557522123892,0.0,0.6976106194690266,0.1602654867256637,1
apple,1.0,0.016666666666666666,0.0,0.6042361111111111,0.03701388888888889,1
apple,1.0,0.018165526230042358,0.0,0.46432062561094817,0.23884001303356142,1
apple,1.0,0.01128725428027901,0.0,0.3931832593532023,0.13560558021559924,1
apple,1.0,0.009287402904424182,0.0,0.30777186761229314,0.12518996960486323,1
apple,1.0,0.029469122426868905,0.0,0.2056338028169014,0.26890574214517876,1
apple,1.0,0.0293236301369863,0.0,0.10980308219178082,0.11301369863013698,1
apple,1.0,0.03425253991291727,0.0,0.7332365747460087,0.2165457184325109,1
apple,1.0,0.030621785881252923,0.0,0.07223001402524544,0.028985507246376812,1
apple,1.0,0.029198635976129584,0.0,0.1445012787723785,0.5296248934356351,1
apple,1.0,0.027212143650499815,0.0,0.2773047019622362,0.33117363939281746,1
apple,1.0,0.020853698273053112,0.0,0.5328554360812425,0.005973715651135006,1
apple,1.0,0.02797339593114241,0.0,0.0,0.011737089201877934,1
apple,1.0,0.03252247488101533,0.0,0.2546271813855103,0.05526176626123744,1
apple,1.0,0.033634821933295644,0.0,0.2484454494064443,0.1382136800452233,1
apple,1.0,0.03154495777446597,0.0,0.12940884252359663,0.26701440635866863,1
apple,1.0,0.021874252928520202,0.0,0.6073392302175472,0.26679416686588575,1
apple,1.0,0.02475171886936593,0.0,0.0,0.0,1
apple,1.0,0.024152480721664486,0.0,0.0,0.0,1
apple,1.0,0.06722689075630252,0.0,0.0,0.0,1
apple,1.0,0.028814262023217248,0.0,0.07296849087893864,0.20501658374792703,1
apple,1.0,0.02702702702702703,0.0,0.3296201607012418,0.387509130752374,1
apple,1.0,0.02,0.0,0.0,0.0,1
apple,1.0,0.028174603174603175,0.0,0.2,0.23353174603174603,1
apple,1.0,0.029083245521601686,0.0,0.16859852476290832,0.3363540569020021,1
apple,1.0,0.023410916020144276,0.0,0.0,0.0,1
apple,1.0,0.03201844262295082,0.0,0.0,0.1987704918032787,1
apple,1.0,0.030330882352941176,0.0,0.15464154411764705,0.16613051470588236,1
apple,1.0,0.02843888664784187,0.0,0.23779749899152886,0.35599031867688585,1
apple,1.0,0.02744360902255639,0.0,0.021052631578947368,0.3150375939849624,1
apple,1.0,0.028370221327967807,0.0,0.3766599597585513,0.45472837022132795,1
apple,1.0,0.026846846846846847,0.0,0.7598198198198198,0.1437837837837838,1
apple,1.0,0.02800626713670192,0.0,0.1472777124951038,0.21406188797493145,1
apple,1.0,0.004175529132814952,0.0,0.7776770459221033,0.3054804909515674,1
apple,1.0,0.004515247879973907,0.0,0.7961207599478147,0.2602077217873451,1
apple,1.0,0.003152368210997313,0.0,0.7911319969870375,0.30911870847339484,1
apple,1.0,0.02531645569620253,0.0,0.63675692997917,0.5132190354109918,1
apple,1.0,0.004790755849312082,0.0,0.6461381344165605,0.005014515703351808,1
apple,1.0,0.025978407557354925,0.0,0.7208164642375169,0.11858974358974358,1
apple,1.0,0.03393730227207363,0.0,0.38682772505033075,0.03393730227207363,1
apple,1.0,0.03262599469496021,0.0,0.2793103448275862,0.06074270557029178,1
apple,1.0,0.030076888285843508,0.0,0.016056083220262325,0.010854816824966078,1
apple,1.0,0.028693528693528692,0.0,0.07712657712657713,0.06186406186406186,1
apple,1.0,0.030834914611005692,0.0,0.054079696394686905,0.005929791271347249,1
apple,1.0,0.03194726166328601,0.0,0.0,0.0,1
apple,1.0,0.02666666666666667,0.0,0.4688,0.4467555555555556,1
apple,1.0,0.029906956136464335,0.0,0.14532565352237484,0.20824102791315907,1
apple,1.0,0.031818181818181815,0.0,0.007070707070707071,0.012626262626262626,1
apple,1.0,0.03131881575727918,0.0,0.5461218497675556,0.390261805725471,1
apple,1.0,0.014843410178338408,0.0,0.2105806872553284,0.19084384515006525,1
apple,1.0,0.03239289446185998,0.0,0.1752873563218391,0.22648902821316613,1
apple,1.0,0.03300865800865801,0.0,0.028409090909090908,0.03409090909090909,1
apple,1.0,0.025978407557354925,0.0,0.7373481781376519,0.3149460188933873,1
apple,1.0,0.005319975696259767,0.0,0.0,0.0,1
apple,1.0,0.0259915611814346,0.0,0.6973839662447258,0.3157805907172996,1
apple,1.0,0.01911001911001911,0.0,0.4932204932204932,0.31686231686231686,1
apple,1.0,0.018404390037990714,0.0,0.24347826086956523,0.5293372731110173,1
apple,1.0,0.01796648404769578,0.0,0.7572510473735095,0.5990976474379632,1
apple,1.0,0.018614718614718615,0.0,0.6971428571428572,0.7421645021645021,1
apple,1.0,0.020495214315439034,0.0,0.5727215980024969,0.23293799417394923,1
apple,1.0,0.01985062893081761,0.0,0.7019457547169812,0.20961084905660377,1
apple,1.0,0.010521978021978021,0.0,0.5775,0.3457967032967033,1
apple,1.0,0.020162107396149948,0.0,0.6986828774062817,0.3934143870314083,1
apple,1.0,0.006982766966792526,0.0,0.4726740245909575,0.34865427437312424,1
apple,1.0,0.021440036688832837,0.0,0.41997248337537263,0.4611327677138271,1
apple,1.0,0.026846846846846847,0.0,0.6551351351351351,0.19837837837837838,1
apple,1.0,0.021874252928520202,0.0,0.5968204637819746,0.26535978962467127,1
apple,1.0,0.009970238095238095,0.0,0.0,0.0,1
apple,1.0,0.027071520029266508,0.0,0.7300164624108286,0.2694347905615511,1
apple,1.0,0.027071520029266508,0.0,0.7300164624108286,0.2694347905615511,1
apple,1.0,0.02877846790890269,0.0,0.6242236024844721,0.5244306418219462,1
apple,1.0,0.02857142857142857,0.0,0.6155102040816327,0.5169387755102041,1
apple,1.0,0.027031963470319633,0.0,0.3278538812785388,0.42684931506849316,1
apple,1.0,0.02923602219376867,0.0,0.4061032863849765,0.6139564660691421,1
apple,1.0,0.02900988017658188,0.0,0.40004204330460374,0.6047929367248266,1
apple,1.0,0.027783137179239824,0.0,0.2008489291915879,0.29538877098205674,1
apple,1.0,0.024350649350649352,0.0,0.45661157024793386,0.42311097992916175,1
apple,1.0,0.018042071197411004,0.0,0.7275080906148867,0.06731391585760518,1
apple,1.0,0.020128824476650563,0.0,0.7397342995169082,0.43951288244766507,1
apple,1.0,0.021111111111111112,0.0,0.5757777777777778,0.103,1
apple,1.0,0.018112099208615486,0.0,0.7968507791466101,0.09480296973158195,1
apple,1.0,0.0172823023290313,0.0,0.6595460614152203,0.42627206645898236,1
apple,1.0,0.013515870247645622,0.0,0.7320805720265086,0.25061039414021624,1
apple,1.0,0.013952569169960474,0.0,0.20944664031620552,0.05110671936758893,1
apple,1.0,0.019549876025176424,0.0,0.787716955941255,0.019645241274079725,1
apple,1.0,0.019149715961150816,0.0,0.6713395638629284,0.046454095656954374,1
apple,1.0,0.020697748853088657,0.0,0.7218606636082364,0.16302144457484263,1
apple,1.0,0.017648888197791944,0.0,0.3602861141346602,0.20564453428704713,1
apple,1.0,0.018524871355060035,0.0,0.6024871355060034,0.39708404802744424,1
apple,1.0,0.017679900744416874,0.0,0.4577388337468983,0.23619727047146402,1
apple,1.0,0.018849557522123892,0.0,0.8143362831858407,0.16884955752212388,1
apple,1.0,0.008005474917239623,0.0,0.4786732874968169,0.17101158645276293,1
apple,1.0,0.025503573749187783,0.0,0.5669265756985056,0.2912605588044185,1
apple,1.0,0.025332691999358666,0.0,0.5624498957832291,0.2874779541446208,1
apple,1.0,0.028790389395194696,0.0,0.06545153272576636,0.1688069594034797,1
apple,1.0,0.03252247488101533,0.0,0.0,0.2004230565838181,1
apple,1.0,0.03055037313432836,0.0,0.3763992537313433,0.4820429104477612,1
apple,1.0,0.030776515151515152,0.0,0.3821022727272727,0.4893465909090909,1
apple,1.0,0.02254305977710233,0.0,0.0,0.0,1
apple,1.0,0.03052749719416386,0.0,0.0,0.0,1
apple,1.0,0.024853349799320777,0.0,0.0,0.0,1
apple,1.0,0.027417840375586856,0.0,0.7551173708920188,0.29859154929577464,1
apple,1.0,0.02722222222222222,0.0,0.7409259259259259,0.29444444444444445,1
apple,1.0,0.027777777777777776,0.0,0.22067901234567902,0.21643518518518517,1
apple,1.0,0.028174603174603175,0.0,0.08452380952380953,0.08888888888888889,1
apple,1.0,0.02877846790890269,0.0,0.057349896480331265,0.14202898550724638,1
apple,1.0,0.028370221327967807,0.0,0.13400402414486923,0.23822937625754528,1
apple,1.0,0.03137254901960784,0.0,0.0,0.12524509803921569,1
apple,1.0,0.028258706467661692,0.0,0.2308457711442786,0.33791044776119405,1
apple,1.0,0.03154495777446597,0.0,0.0,0.10034773969200199,1
apple,1.0,0.03269537480063796,0.0,0.3854332801701223,0.47740563530037217,1
apple,1.0,0.027777777777777776,0.0,0.15316358024691357,0.39448302469135804,1
apple,1.0,0.027777777777777776,0.0,0.15316358024691357,0.39448302469135804,1
apple,1.0,0.027783137179239824,0.0,0.5878834651746093,0.48755546980513215,1
apple,1.0,0.027783137179239824,0.0,0.5878834651746093,0.48755546980513215,1
apple,1.0,0.02150786308973173,0.0,0.0,0.0,1
apple,1.0,0.02368937482478273,0.0,0.0,0.0,1
apple,1.0,0.024184149184149184,0.0,0.0,0.0,1
apple,1.0,0.02638888888888889,0.0,0.0,0.0,1
apple,1.0,0.02658450704225352,0.0,0.0,0.0,1
apple,1.0,0.024891774891774892,0.0,0.0,0.0,1
apple,1.0,0.027046783625730993,0.0,0.0,0.0,1
apple,1.0,0.022233201581027668,0.0,0.6656373517786561,0.3052124505928854,1
apple,1.0,0.02970950704225352,0.0,0.214568661971831,0.23723591549295775,1
apple,1.0,0.029116045245077504,0.0,0.12044407205697528,0.01152073732718894,1
apple,1.0,0.034382284382284384,0.0,0.7121212121212122,0.3039044289044289,1
apple,1.0,0.029083245521601686,0.0,0.04278187565858799,0.11675447839831402,1
apple,1.0,0.046645702306079666,0.0,0.29559748427672955,0.08962264150943396,1
apple,1.0,0.02943722943722944,0.0,0.13744588744588745,0.31666666666666665,1
apple,1.0,0.025833333333333333,0.0,0.7166666666666667,0.041666666666666664,1
apple,1.0,0.027031963470319633,0.0,0.5512328767123288,0.32,1
apple,1.0,0.027402402402402402,0.0,0.455518018018018,0.23254504504504506,1
apple,1.0,0.026144907723855092,0.0,0.6713943950786057,0.2376965140123035,1
apple,1.0,0.017355371900826446,0.0,0.1945154019534185,0.10721262208865515,1
apple,1.0,0.017820370663709804,0.0,0.5353239347378426,0.016632345952795818,1
apple,1.0,0.011544319220225403,0.0,0.4185501066098081,0.006396588486140725,1
apple,1.0,0.024853349799320777,0.0,0.725686940413708,0.1234949058351343,1
apple,1.0,0.028814262023217248,0.0,0.03752072968490879,0.15360696517412936,1
apple,1.0,0.02761904761904762,0.0,0.5365714285714286,0.4815238095238095,1
apple,1.0,0.005027696544406056,0.0,0.0,0.007484699001408513,1
apple,1.0,0.0049826259617771155,0.0,0.0,0.00781831720029784,1
apple,1.0,0.025807525807525808,0.0,0.5664335664335665,0.3844488844488845,1
apple,1.0,0.025807525807525808,0.0,0.5664335664335665,0.3844488844488845,1
apple,1.0,0.028370221327967807,0.0,0.0800804828973843,0.12233400402414486,1
apple,1.0,0.028370221327967807,0.0,0.11448692152917506,0.2386317907444668,1
apple,1.0,0.028381642512077296,0.0,0.0,0.24396135265700483,1
apple,1.0,0.03165503489531406,0.0,0.0,0.01296111665004985,1
apple,1.0,0.03200204813108039,0.0,0.0,0.05504352278545827,1
apple,1.0,0.027777777777777776,0.0,0.26022376543209874,0.326195987654321,1
apple,1.0,0.02197802197802198,0.0,0.0,0.0,1
apple,1.0,0.03233376792698826,0.0,0.0,0.14002607561929595,1
apple,1.0,0.028258706467661692,0.0,0.10706467661691542,0.2606965174129353,1
apple,1.0,0.030834914611005692,0.0,0.0,0.07281783681214421,1
apple,1.0,0.02803921568627451,0.0,0.0,0.010392156862745097,1
apple,1.0,0.026846846846846847,0.0,0.6661261261261261,0.26522522522522524,1
apple,1.0,0.026846846846846847,0.0,0.6499099099099099,0.41315315315315315,1
apple,1.0,0.026846846846846847,0.0,0.6499099099099099,0.41315315315315315,1
apple,1.0,0.019638043896804003,0.0,0.6989795918367347,0.05564112437427801,1
apple,1.0,0.019246784491533265,0.0,0.7035254927361895,0.10937355417784769,1
apple,1.0,0.017577673271143318,0.0,0.34176239303060674,0.24732094672731478,1
apple,1.0,0.008051529790660225,0.0,0.4588405797101449,0.23940418679549114,1
apple,1.0,0.020697748853088657,0.0,0.7695508375120026,0.28646111170383015,1
apple,1.0,0.018771929824561405,0.0,0.8026315789473685,0.23385964912280702,1
apple,1.0,0.018524871355060035,0.0,0.5291595197255574,0.4981132075471698,1
apple,1.0,0.017838819164890676,0.0,0.4167653327018707,0.3110742757913016,1
apple,1.0,0.02667140825035562,0.0,0.1296230440967283,0.3332147937411095,1
apple,1.0,0.026856524873828405,0.0,0.1252703677000721,0.3377793799567412,1
apple,1.0,0.02761904761904762,0.0,0.0,0.022095238095238095,1
apple,1.0,0.032469232783451166,0.0,0.0,0.0,1
apple,1.0,0.03154495777446597,0.0,0.07054148037754596,0.11773472429210134,1
apple,1.0,0.02904040404040404,0.0,0.47895622895622897,0.615530303030303,1
apple,1.0,0.02904040404040404,0.0,0.47895622895622897,0.615530303030303,1
apple,1.0,0.031818181818181815,0.0,0.0,0.007070707070707071,1
apple,1.0,0.02843888664784187,0.0,0.0,0.020371117386042758,1
apple,1.0,0.02843888664784187,0.0,0.0,0.020371117386042758,1
apple,1.0,0.025003906860446946,0.0,0.515861853414596,0.37755899359274886,1
apple,1.0,0.025003906860446946,0.0,0.515861853414596,0.37755899359274886,1
apple,1.0,0.027313266443701228,0.0,0.35693050910442214,0.5732069862504645,1
apple,1.0,0.025807525807525808,0.0,0.0,0.0,1
apple,1.0,0.02651914295749912,0.0,0.0,0.0,1
apple,1.0,0.028169014084507043,0.0,0.17794088474509026,0.18647093830589168,1
apple,1.0,0.02904040404040404,0.0,0.04734848484848485,0.18813131313131312,1
apple,1.0,0.021874252928520202,0.0,0.6042314128615826,0.26428400669376045,1
apple,1.0,0.02532051282051282,0.0,0.4971153846153846,0.46025641025641023,1
apple,1.0,0.02877846790890269,0.0,0.20496894409937888,0.2629399585921325,1
apple,1.0,0.028381642512077296,0.0,0.17169887278582932,0.3075684380032206,1
apple,1.0,0.024706420619185602,0.0,0.2763458898886686,0.4990086929998475,1
apple,1.0,0.028484848484848484,0.0,0.5612121212121212,0.6551515151515152,1
apple,1.0,0.029211087420042643,0.0,0.18315565031982942,0.21066098081023454,1
apple,1.0,0.02923602219376867,0.0,0.617157490396927,0.6508749466495946,1
apple,1.0,0.026709401709401708,0.0,0.0,0.0,1
apple,1.0,0.025015634771732333,0.0,0.0,0.0,1
apple,1.0,0.025833333333333333,0.0,0.0,0.0,1
apple,1.0,0.021622253389434316,0.0,0.0,0.0,1
apple,1.0,0.01881293057763646,0.0,0.7659424130012366,0.013071895424836602,1
apple,1.0,0.020125404530744337,0.0,0.8186690938511327,0.2108616504854369,1
apple,1.0,0.020517676767676768,0.0,0.6551978114478114,0.16908670033670034,1
apple,1.0,0.017908538535337384,0.0,0.8284298049248481,0.49872081867604734,1
apple,1.0,0.01789280293953191,0.0,0.2956306414250339,0.24275101845195304,1
apple,1.0,0.019433962264150943,0.0,0.5944339622641509,0.3100943396226415,1
apple,1.0,0.017424242424242425,0.0,0.6531060606060606,0.6966666666666667,1
apple,1.0,0.021212121212121213,0.0,0.5163860830527497,0.08002244668911336,1
apple,1.0,0.022347066167290885,0.0,0.0,0.0,1
apple,1.0,0.027031963470319633,0.0,0.5534246575342465,0.5019178082191781,1
apple,1.0,0.027046783625730993,0.0,0.5484283625730995,0.4994517543859649,1
apple,1.0,0.02631578947368421,0.0,0.5491689750692521,0.3990650969529086,1
apple,1.0,0.02631578947368421,0.0,0.5491689750692521,0.3990650969529086,1
apple,1.0,0.027417840375586856,0.0,0.7427230046948357,0.23830985915492958,1
apple,1.0,0.027417840375586856,0.0,0.7427230046948357,0.23830985915492958,1
apple,1.0,0.025158227848101265,0.0,0.4878164556962025,0.40854430379746837,1
apple,1.0,0.03205128205128205,0.0,0.31333333333333335,0.24384615384615385,1
apple,1.0,0.03154495777446597,0.0,0.0,0.0,1
apple,1.0,0.028484848484848484,0.0,0.0,0.13616161616161615,1
apple,1.0,0.006675877314175187,0.0,0.0,0.0011384360320530534,1
apple,1.0,0.02456298975286317,0.0,0.0,0.0,1
apple,1.0,0.025503573749187783,0.0,0.0,0.0,1
apple,1.0,0.010520850412635951,0.0,0.0,0.0,1
apple,1.0,0.024695121951219513,0.0,0.0,0.0,1
apple,1.0,0.023411829134720702,0.0,0.0,0.0,1
apple,1.0,0.026144907723855092,0.0,0.6872863978127136,0.27768284347231714,1
apple,1.0,0.02967032967032967,0.0,0.03010989010989011,0.0,1
apple,1.0,0.017927170868347338,0.0,0.549499799919968,0.08267306922769108,1
apple,1.0,0.017498478393183203,0.0,0.7486305538648813,0.1580188679245283,1
apple,1.0,0.01994047619047619,0.0,0.7631944444444444,0.05426587301587302,1
apple,1.0,0.018558295386201563,0.0,0.8161354068218919,0.1500988057393247,1
apple,1.0,0.01968125960061444,0.0,0.7850422427035331,0.041666666666666664,1
apple,1.0,0.020032051282051284,0.0,0.6661658653846154,0.24158653846153846,1
apple,1.0,0.013415067519545132,0.0,0.24653518123667378,0.15520611229566453,1
apple,1.0,0.009455403087478558,0.0,0.6594125214408233,0.11155660377358491,1
apple,1.0,0.021405677655677656,0.0,0.5101877289377289,0.40315934065934067,1
apple,1.0,0.028370221327967807,0.0,0.031388329979879274,0.14909456740442656,1
apple,1.0,0.00606511730488242,0.0,0.6837500804087522,0.3052500022973929,1
apple,1.0,0.028370221327967807,0.0,0.4762575452716298,0.6006036217303823,1
apple,1.0,0.028404512489927477,0.0,0.05701047542304593,0.15350523771152297,1
apple,1.0,0.02150786308973173,0.0,0.0,0.0,1
apple,1.0,0.027212143650499815,0.0,0.6623472787856349,0.16901147723065532,1
apple,1.0,0.021874252928520202,0.0,0.6118814248147263,0.2724121443939756,1
apple,1.0,0.03,0.0,0.08733333333333333,0.21044444444444443,1
apple,1.0,0.03205128205128205,0.0,0.0,0.0,1
apple,1.0,0.03125,0.0,0.098876953125,0.02392578125,1
apple,1.0,0.03393730227207363,0.0,0.38682772505033075,0.12165660051768766,1
apple,1.0,0.03057889822595705,0.0,0.1234827264239029,0.10667600373482726,1
apple,1.0,0.028787260106165783,0.0,0.3197223356472029,0.11514904042466313,1
apple,1.0,0.02631578947368421,0.0,0.6085526315789473,0.33223684210526316,1
apple,1.0,0.026491228070175437,0.0,0.6149122807017544,0.33666666666666667,1
apple,1.0,0.02904040404040404,0.0,0.09343434343434344,0.19297138047138046,1
apple,1.0,0.02532051282051282,0.0,0.7599358974358974,0.1717948717948718,1
apple,1.0,0.025478740668614087,0.0,0.7147030185004869,0.12690684842583577,1
apple,1.0,0.021968787515006003,0.0,0.45846338535414166,0.44129651860744296,1
apple,1.0,0.02761904761904762,0.0,0.21980952380952382,0.17904761904761904,1
apple,1.0,0.025816122584943372,0.0,0.7651565622918055,0.09510326449033978,1
apple,1.0,0.025807525807525808,0.0,0.7645687645687645,0.09673659673659674,1
apple,1.0,0.02072594501718213,0.0,0.5760309278350515,0.0016108247422680412,1
apple,1.0,0.020513359983168524,0.0,0.5649063749211025,0.002103934357248054,1
apple,1.0,0.0273972602739726,0.0,0.0863201351097767,0.1692625258022143,1
apple,1.0,0.024614919963757174,0.0,0.504379341588644,0.4673814557535488,1
apple,1.0,0.02351332877648667,0.0,0.0,0.0,1
apple,1.0,0.02207977207977208,0.0,0.0,0.0,1
apple,1.0,0.02230392156862745,0.0,0.0,0.0,1
apple,1.0,0.02379619260918253,0.0,0.0,0.0,1
apple,1.0,0.02079293255763844,0.0,0.7471450118508942,0.02790346907993967,1
apple,1.0,0.018404390037990714,0.0,0.8340227944280287,0.08704094554664416,1
apple,1.0,0.011759234653202232,0.0,0.6405461068296572,0.1915360085038533,1
apple,1.0,0.033168859649122806,0.0,0.29989035087719296,0.18338815789473684,1
apple,1.0,0.03055037313432836,0.0,0.06669776119402986,0.005830223880597015,1
apple,1.0,0.03,0.0,0.043555555555555556,0.19088888888888889,1
apple,1.0,0.03233376792698826,0.0,0.14263363754889177,0.2198174706649283,1
apple,1.0,0.03333333333333333,0.0,0.04104683195592287,0.0,1
apple,1.0,0.03869047619047619,0.0,0.0,0.009300595238095238,1
apple,1.0,0.04111295681063123,0.0,0.061461794019933555,0.010382059800664452,1
apple,1.0,0.04217854217854218,0.0,0.0,0.16134316134316135,1
apple,1.0,0.006349462311405852,0.0,0.617792604388184,0.019713568700174357,1
apple,1.0,0.023739701159056,0.0,0.0,0.0,1
apple,1.0,0.025344180225281603,0.0,0.0,0.0,1
apple,1.0,0.025285605483625285,0.0,0.0,0.0,1
apple,1.0,0.02454080096356519,0.0,0.0,0.0,1
apple,1.0,0.024390243902439025,0.0,0.0,0.0,1
apple,1.0,0.024404761904761905,0.0,0.0,0.0,1
apple,1.0,0.024448419797257006,0.0,0.0,0.0,1
apple,1.0,0.03388888888888889,0.0,0.0,0.0,1
apple,1.0,0.022352647352647352,0.0,0.0,0.0,1
apple,1.0,0.02803921568627451,0.0,0.15411764705882353,0.2852941176470588,1
apple,1.0,0.007751937984496124,0.0,0.7343759389459769,0.042199987981491494,1
apple,1.0,0.007722122838401908,0.0,0.728726893261777,0.04187537268932618,1
apple,1.0,0.028258706467661692,0.0,0.08338308457711442,0.22925373134328358,1
apple,1.0,0.026856524873828405,0.0,0.0,0.0,1
apple,1.0,0.02719970792259949,0.0,0.0,0.0,1
apple,1.0,0.026856524873828405,0.0,0.0,0.0,1
apple,1.0,0.027212143650499815,0.0,0.0,0.0,1
apple,1.0,0.024706420619185602,0.0,0.6141528137867928,0.16272685679426568,1
apple,1.0,0.024706420619185602,0.0,0.7277718468811957,0.17462254079609577,1
apple,1.0,0.020526315789473684,0.0,0.6334736842105263,0.04357894736842105,1
apple,1.0,0.022224966045190763,0.0,0.3458451660698852,0.45943943696752687,1
apple,1.0,0.01890999910801891,0.0,0.4541967710284542,0.428953706181429,1
apple,1.0,0.031656035908339236,0.0,0.20080321285140562,0.1700921332388377,1
apple,1.0,0.01991281949673073,0.0,0.7173568456508818,0.39449177729344165,1
apple,1.0,0.026500526500526502,0.0,0.6367146367146367,0.32063882063882065,1
apple,1.0,0.019960278053624627,0.0,0.49503475670307845,0.0,1
apple,1.0,0.01173890608875129,0.0,0.41179695562435503,0.0516640866873065,1
apple,1.0,0.017927170868347338,0.0,0.5202080832332934,0.057623049219687875,1
apple,1.0,0.018771929824561405,0.0,0.5345614035087719,0.0030701754385964912,1
apple,1.0,0.018089960886571055,0.0,0.5475880052151239,0.07187092568448501,1
apple,1.0,0.01852010631912887,0.0,0.5113607133670582,0.40975735231072624,1
apple,1.0,0.018354803401532373,0.0,0.7198787572619348,0.44438831354719205,1
apple,1.0,0.024624624624624624,0.0,0.5944444444444444,0.3235735735735736,1
apple,1.0,0.014547185780787135,0.0,0.4473656369022429,0.3724608548455353,1
apple,1.0,0.013941513650053434,0.0,0.7199067327309823,0.18250267171864373,1
apple,1.0,0.01778115501519757,0.0,0.6782674772036474,0.35615501519756837,1
apple,1.0,0.025561706284597852,0.0,0.6683490719635298,0.22468251383914034,1
apple,1.0,0.02797339593114241,0.0,0.198943661971831,0.22417840375586853,1
apple,1.0,0.03205128205128205,0.0,0.02564102564102564,0.1682051282051282,1
apple,1.0,0.031818181818181815,0.0,0.003787878787878788,0.0,1
apple,1.0,0.03057889822595705,0.0,0.11764705882352941,0.2635387488328665,1
apple,1.0,0.03233376792698826,0.0,0.09256844850065189,0.05736636245110821,1
apple,1.0,0.030076888285843508,0.0,0.15264586160108548,0.3018995929443691,1
apple,1.0,0.02923602219376867,0.0,0.008962868117797696,0.020273154075970978,1
apple,1.0,0.03036576949620428,0.0,0.20910973084886128,0.2153209109730849,1
apple,1.0,0.032266458495966696,0.0,0.23185011709601874,0.18839448347645069,1
apple,1.0,0.03131881575727918,0.0,0.14117934915586006,0.1296794714949841,1
apple,1.0,0.031818181818181815,0.0,0.0702020202020202,0.13207070707070706,1
apple,1.0,0.01873249299719888,0.0,0.0547093837535014,0.07344187675070028,1
apple,1.0,0.011060834590246356,0.0,0.0693815987933635,0.07121521308372519,1
apple,1.0,0.027984344422700588,0.0,0.4189823874755382,0.24481409001956947,1
apple,1.0,0.027799227799227798,0.0,0.41621621621621624,0.24150579150579152,1
apple,1.0,0.024527186761229315,0.0,0.0,0.0,1
apple,1.0,0.024502524502524502,0.0,0.0,0.0,1
apple,1.0,0.027432808155699723,0.0,0.0,0.0,1
apple,1.0,0.011801977440467902,0.0,0.5824049575268069,0.1479250800724133,1
apple,1.0,0.00894966563889,0.0,0.46608337003964284,0.07311896848596484,1
apple,1.0,0.010153330756345832,0.0,0.6625434866640897,0.3089550315680969,1
apple,1.0,0.008569693815595456,0.0,0.5182236100268888,0.49756266805447136,1
apple,1.0,0.012249765122497652,0.0,0.6346751463467515,0.6742429717424298,1
apple,1.0,0.01168378093733544,0.0,0.5785939968404423,0.5019088994207478,1
apple,1.0,0.025833333333333333,0.0,0.6933333333333334,0.3611666666666667,1
apple,1.0,0.025833333333333333,0.0,0.6933333333333334,0.3611666666666667,1
apple,1.0,0.018070818070818073,0.0,0.5956857956857957,0.028815628815628817,1
apple,1.0,0.018108816781383152,0.0,0.20968534906588004,0.10406424123238282,1
apple,1.0,0.018234323432343234,0.0,0.6589108910891089,0.0,1
apple,1.0,0.02075268817204301,0.0,0.6326881720430108,0.012043010752688172,1
apple,1.0,0.01189496777732072,0.0,0.5096325243384067,0.018648018648018648,1
apple,1.0,0.019053639154776956,0.0,0.5964421166696767,0.0031605562579013905,1
apple,1.0,0.012618419009162914,0.0,0.49262307811772016,0.005707407982605995,1
apple,1.0,0.018404390037990714,0.0,0.7304347826086957,0.026424651751794006,1
apple,1.0,0.027984344422700588,0.0,0.09315068493150686,0.18649706457925636,1
apple,1.0,0.028790389395194696,0.0,0.1255178127589064,0.23591549295774647,1
apple,1.0,0.027799227799227798,0.0,0.32953667953667953,0.4418918918918919,1
apple,1.0,0.028370221327967807,0.0,0.6750503018108652,0.4710261569416499,1
apple,1.0,0.02072594501718213,0.0,0.5295317869415808,0.10266323024054982,1
apple,1.0,0.01732117812061711,0.0,0.0,0.0,1
apple,1.0,0.021349557522123894,0.0,0.0,0.0,1
apple,1.0,0.021349557522123894,0.0,0.0,0.0,1
apple,1.0,0.010998010998010998,0.0,0.0,0.0,1
apple,1.0,0.02797339593114241,0.0,0.28618935837245696,0.4812206572769953,1
apple,1.0,0.02651914295749912,0.0,0.4810326659641728,0.2574639971900246,1
apple,1.0,0.02877846790890269,0.0,0.7020703933747412,0.3151138716356108,1
apple,1.0,0.019927000098648517,0.0,0.0,0.0,1
apple,1.0,0.021288515406162466,0.0,0.0,0.0,1
apple,1.0,0.022809278350515463,0.0,0.0,0.0,1
apple,1.0,0.028169014084507043,0.0,0.1985717119619123,0.19242213846459036,1
apple,1.0,0.02548701298701299,0.0,0.673051948051948,0.2891233766233766,1
apple,1.0,0.028404512489927477,0.0,0.0,0.2217969379532635,1
apple,1.0,0.02967032967032967,0.0,0.0,0.0,1
apple,1.0,0.02548701298701299,0.0,0.5892857142857143,0.3935064935064935,1
apple,1.0,0.02456298975286317,0.0,0.0,0.0,1
apple,1.0,0.02694394213381555,0.0,0.0,0.0,1
apple,1.0,0.027402402402402402,0.0,0.0,0.0,1
apple,1.0,0.030940009447331128,0.0,0.0,0.0,1
apple,1.0,0.026856524873828405,0.0,0.0,0.0,1
apple,1.0,0.025503573749187783,0.0,0.0,0.0,1
apple,1.0,0.01891025641025641,0.0,0.0,0.0,1
apple,1.0,0.005392755392755392,0.0,0.7131083202511774,0.0004869469155183441,1
apple,1.0,0.025503573749187783,0.0,0.0,0.0,1
apple,1.0,0.026171741361614778,0.0,0.0,0.0,1
apple,1.0,0.024695121951219513,0.0,0.0,0.0,1
apple,1.0,0.025978407557354925,0.0,0.0,0.0,1
apple,1.0,0.026785714285714284,0.0,0.0,0.0,1
apple,1.0,0.02904040404040404,0.0,0.0,0.0,1
apple,1.0,0.029469122426868905,0.0,0.16403033586132176,0.20151679306608883,1
apple,1.0,0.029030910609857977,0.0,0.08187134502923976,0.006265664160401002,1
apple,1.0,0.0288981288981289,0.0,0.05363825363825364,0.05467775467775468,1
apple,1.0,0.02667140825035562,0.0,0.43029871977240397,0.40380512091038406,1
apple,1.0,0.02667140825035562,0.0,0.43029871977240397,0.40380512091038406,1
apple,1.0,0.024868705591597158,0.0,0.0,0.0,1
apple,1.0,0.021622253389434316,0.0,0.0,0.0,1
apple,1.0,0.021169354838709676,0.0,0.0,0.0,1
apple,1.0,0.0261986301369863,0.0,0.552054794520548,0.34434931506849314,1
apple,1.0,0.025816122584943372,0.0,0.7218520986009327,0.11292471685542971,1
apple,1.0,0.03205128205128205,0.0,0.3130769230769231,0.2987179487179487,1
apple,1.0,0.029857397504456328,0.0,0.0,0.020053475935828877,1
apple,1.0,0.030621785881252923,0.0,0.0,0.1900420757363254,1
apple,1.0,0.021749408983451537,0.0,0.608274231678487,0.2442080378250591,1
apple,1.0,0.008216358482926171,0.0,0.7315427183155622,0.01118572007018491,1
apple,1.0,0.029211087420042643,0.0,0.35053304904051175,0.6767590618336887,1
apple,1.0,0.0259915611814346,0.0,0.0,0.0,1
apple,1.0,0.02727272727272727,0.0,0.0,0.0,1
apple,1.0,0.026992753623188405,0.0,0.0,0.0,1
apple,1.0,0.02478580171358629,0.0,0.0,0.0,1
apple,1.0,0.02475171886936593,0.0,0.0,0.0,1
apple,1.0,0.0251821349382325,0.0,0.0,0.0,1
apple,1.0,0.02538152610441767,0.0,0.0,0.0,1
apple,1.0,0.027242401779095628,0.0,0.0,0.0,1
apple,1.0,0.028381642512077296,0.0,0.5974235104669887,0.285829307568438,1
apple,1.0,0.030330882352941176,0.0,0.19301470588235295,0.1410845588235294,1
apple,1.0,0.031754032258064516,0.0,0.0,0.017641129032258066,1
apple,1.0,0.0367003367003367,0.0,0.0,0.025252525252525252,1
apple,1.0,0.02484567901234568,0.0,0.0,0.0,1
apple,1.0,0.02496124031007752,0.0,0.0,0.0,1
apple,1.0,0.025206087507926443,0.0,0.0,0.0,1
apple,1.0,0.025708635464733027,0.0,0.0,0.0,1
apple,1.0,0.02638888888888889,0.0,0.0,0.0,1
apple,1.0,0.03028233151183971,0.0,0.0,0.0,1
apple,1.0,0.006693755107066501,0.0,0.5779352340015895,0.07213136774236878,1
apple,1.0,0.025816122584943372,0.0,0.5609593604263824,0.3620919387075283,1
apple,1.0,0.027777777777777776,0.0,0.1720679012345679,0.4471450617283951,1
apple,1.0,0.027783137179239824,0.0,0.1991124831178854,0.2620104186764422,1
apple,1.0,0.027783137179239824,0.0,0.1991124831178854,0.2620104186764422,1
apple,1.0,0.026491228070175437,0.0,0.7908771929824562,0.24561403508771928,1
apple,1.0,0.02667140825035562,0.0,0.0,0.0,1
apple,1.0,0.02531645569620253,0.0,0.0,0.0,1
apple,1.0,0.025015634771732333,0.0,0.0,0.0,1
apple,1.0,0.02604430914933198,0.0,0.0,0.0,1
apple,1.0,0.02548701298701299,0.0,0.0,0.0,1
apple,1.0,0.019872110181997048,0.0,0.7579931136251845,0.07673389080177079,1
apple,1.0,0.019483590277120967,0.0,0.516693464485009,0.4606072070367918,1
apple,1.0,0.018976011457214465,0.0,0.7478517722878625,0.05039384174722521,1
apple,1.0,0.019237849779086894,0.0,0.7541421207658321,0.0627761413843888,1
apple,1.0,0.01736732259988074,0.0,0.8181276088252832,0.1229129397734049,1
apple,1.0,0.013671145949981336,0.0,0.728023516237402,0.28900709219858156,1
apple,1.0,0.013579403053087264,0.0,0.40314422419685575,0.4433811802232855,1
apple,1.0,0.01492951492951493,0.0,0.45759795759795757,0.290986790986791,1
apple,1.0,0.015407407407407408,0.0,0.5251555555555556,0.4892444444444444,1
apple,1.0,0.015352941176470588,0.0,0.5212941176470588,0.48564705882352943,1
apple,1.0,0.025332691999358666,0.0,0.0,0.0,1
apple,1.0,0.02800626713670192,0.0,0.0,0.0,1
apple,1.0,0.03282216841538876,0.0,0.15012106537530268,0.27387678235135865,1
apple,1.0,0.033482142857142856,0.0,0.455078125,0.146484375,1
apple,1.0,0.029273504273504274,0.0,0.0,0.013034188034188035,1
apple,1.0,0.03229166666666667,0.0,0.035416666666666666,0.08697916666666666,1
apple,1.0,0.03036576949620428,0.0,0.31608005521049,0.15665976535541754,1
apple,1.0,0.028370221327967807,0.0,0.24185110663983903,0.2921529175050302,1
apple,1.0,0.02857142857142857,0.0,0.14795918367346939,0.3153061224489796,1
apple,1.0,0.024691358024691357,0.0,0.7329675354366713,0.03962810547172687,1
apple,1.0,0.026709401709401708,0.0,0.0,0.0,1
apple,1.0,0.02538152610441767,0.0,0.0,0.0,1
apple,1.0,0.025448143405889884,0.0,0.0,0.0,1
apple,1.0,0.025816122584943372,0.0,0.0,0.0,1
apple,1.0,0.02727272727272727,0.0,0.0,0.0,1
apple,1.0,0.025158227848101265,0.0,0.0,0.0,1
apple,1.0,0.024891774891774892,0.0,0.0,0.0,1
apple,1.0,0.027432808155699723,0.0,0.3015755329008341,0.11436515291936979,1
apple,1.0,0.027984344422700588,0.0,0.6050880626223092,0.2953033268101761,1
apple,1.0,0.028174603174603175,0.0,0.6134920634920635,0.2994047619047619,1
apple,1.0,0.027071520029266508,0.0,0.0,0.10627400768245839,1
apple,1.0,0.02904040404040404,0.0,0.006313131313131313,0.19696969696969696,1
apple,1.0,0.0293236301369863,0.0,0.0,0.007705479452054794,1
apple,1.0,0.02800626713670192,0.0,0.0,0.01762632197414806,1
apple,1.0,0.028850145288501453,0.0,0.074719800747198,0.25529265255292655,1
apple,1.0,0.03210066769388803,0.0,0.0,0.14946070878274267,1
apple,1.0,0.031818181818181815,0.0,0.37853535353535356,0.3618686868686869,1
apple,1.0,0.027777777777777776,0.0,0.2679398148148148,0.5673225308641975,1
apple,1.0,0.02803921568627451,0.0,0.45176470588235296,0.5049019607843137,1
apple,1.0,0.007055222357713461,0.0,0.6393126446507229,0.0004977229176517433,1
apple,1.0,0.03239289446185998,0.0,0.19905956112852666,0.13584117032392895,1
apple,1.0,0.029273504273504274,0.0,0.0,0.0,1
apple,1.0,0.03341687552213868,0.0,0.0,0.020885547201336674,1
apple,1.0,0.027031963470319633,0.0,0.23853881278538813,0.1280365296803653,1
apple,1.0,0.020618556701030927,0.0,0.5899670528217664,0.0015942183016261027,1
apple,1.0,0.020513359983168524,0.0,0.5839469808541974,0.0015779507679360403,1
apple,1.0,0.006416848340257497,0.0,0.0,0.0,1
apple,1.0,0.005291042321339838,0.0,0.5509682747422716,0.010302135313508255,1
apple,1.0,0.027417840375586856,0.0,0.11906103286384977,0.16225352112676056,1
apple,1.0,0.01878969654199012,0.0,0.7358856739590685,0.10550458715596331,1
apple,1.0,0.019638043896804003,0.0,0.6372737774355025,0.13005390835579514,1
apple,1.0,0.01994047619047619,0.0,0.3665674603174603,0.5038690476190476,1
apple,1.0,0.018404390037990714,0.0,0.5373575348248206,0.660953989024905,1
apple,1.0,0.0177338355304457,0.0,0.27691462649089765,0.18785310734463276,1
apple,1.0,0.01980974796508777,0.0,0.8092576247916053,0.05874276748063156,1
apple,1.0,0.02797339593114241,0.0,0.10543818466353677,0.18955399061032863,1
apple,1.0,0.025320462098433295,0.0,0.0,0.0,1
apple,1.0,0.01641108420769438,0.0,0.3751008878127522,0.3781275221953188,1
apple,1.0,0.01414858514148585,0.0,0.7425257474252575,0.252974702529747,1
apple,1.0,0.015229885057471264,0.0,0.5918390804597701,0.08206896551724138,1
apple,1.0,0.013691636498654042,0.0,0.4008168569572078,0.4650979300102107,1
apple,1.0,0.009980184621332946,0.0,0.4365182929776231,0.26803924411579916,1
apple,1.0,0.021749408983451537,0.0,0.5969267139479906,0.2542553191489362,1
apple,1.0,0.022474747474747474,0.0,0.0,0.0,1
apple,1.0,0.024614919963757174,0.0,0.4980368468740562,0.2922077922077922,1
apple,1.0,0.024448419797257006,0.0,0.49433512224209897,0.28846153846153844,1
apple,1.0,0.027799227799227798,0.0,0.16274131274131273,0.3393822393822394,1
apple,1.0,0.021652621722846443,0.0,0.3972378277153558,0.425561797752809,1
apple,1.0,0.025503573749187783,0.0,0.7326185834957765,0.07001299545159194,1
apple,1.0,0.021874252928520202,0.0,0.6056657901027971,0.26356681807315324,1
apple,1.0,0.005237360754070265,0.0,0.0,0.0004730077120822622,1
apple,1.0,0.027417840375586856,0.0,0.054460093896713614,0.13370892018779343,1
apple,1.0,0.027402402402402402,0.0,0.545045045045045,0.49455705705705705,1
apple,1.0,0.010420613868889731,0.0,0.6955015427921832,0.023439614572619498,1
apple,1.0,0.010365198711063372,0.0,0.6820891514500537,0.14648227712137488,1
apple,1.0,0.01052486187845304,0.0,0.6998895027624309,0.01223756906077348,1
apple,1.0,0.013671145949981336,0.0,0.7223777528928704,0.20614035087719298,1
apple,1.0,0.01352329262777024,0.0,0.39525101763907733,0.31886024423337855,1
apple,1.0,0.015092198581560284,0.0,0.6196312056737588,0.31341843971631206,1
apple,1.0,0.01626984126984127,0.0,0.4714285714285714,0.15403439153439152,1
apple,1.0,0.027799227799227798,0.0,0.14961389961389962,0.41196911196911196,1
apple,1.0,0.027799227799227798,0.0,0.14961389961389962,0.41196911196911196,1
apple,1.0,0.03210066769388803,0.0,0.17205957883923986,0.014124293785310734,1
apple,1.0,0.027242401779095628,0.0,0.0,0.0,1
apple,1.0,0.02667140825035562,0.0,0.6875889046941679,0.27862731152204834,1
apple,1.0,0.03336067815149029,0.0,0.25950232430954334,0.052502050861361775,1
apple,1.0,0.02797339593114241,0.0,0.03775430359937402,0.12304381846635368,1
apple,1.0,0.018329427519250083,0.0,0.7253933712755273,0.11993639102778708,1
apple,1.0,0.01994047619047619,0.0,0.8313492063492064,0.08819444444444445,1
apple,1.0,0.01837336704593342,0.0,0.2691108301727771,0.15423514538558786,1
apple,1.0,0.019655072743038828,0.0,0.5006262645726949,0.6785817516138356,1
apple,1.0,0.019843597262952102,0.0,0.6361681329423264,0.3734115347018573,1
apple,1.0,0.007222678199381274,0.0,0.4776816718227161,0.2598143822210998,1
apple,1.0,0.020578303081468973,0.0,0.4832207682566484,0.5080202617138033,1
apple,1.0,0.017424242424242425,0.0,0.4913636363636364,0.47,1
apple,1.0,0.021805752003771807,0.0,0.0,0.0,1
apple,1.0,0.023574561403508772,0.0,0.0,0.0,1
apple,1.0,0.024185517143263623,0.0,0.0,0.0,1
apple,1.0,0.025383141762452106,0.0,0.0,0.0,1
apple,1.0,0.031046461137646548,0.0,0.0,0.0,1
apple,1.0,0.03187452567670124,0.0,0.0,0.16898558057171767,1
apple,1.0,0.02821939586645469,0.0,0.011526232114467409,0.265302066772655,1
apple,1.0,0.03229166666666667,0.0,0.09635416666666667,0.28046875,1
apple,1.0,0.03229166666666667,0.0,0.09635416666666667,0.28046875,1
apple,1.0,0.03927608779360801,0.0,0.0,0.0,1
apple,1.0,0.028693528693528692,0.0,0.0,0.0,1
apple,1.0,0.025003906860446946,0.0,0.0,0.0,1
apple,1.0,0.026785714285714284,0.0,0.0,0.0,1
apple,1.0,0.028850145288501453,0.0,0.0,0.0,1
apple,1.0,0.02484567901234568,0.0,0.0,0.0,1
apple,1.0,0.02548701298701299,0.0,0.6646103896103897,0.14691558441558442,1
apple,1.0,0.021988643228222787,0.0,0.6433490395070678,0.2372840401111514,1
apple,1.0,0.02210552027357108,0.0,0.6503419638495359,0.23986321446018563,1
apple,1.0,0.004669739867699785,0.0,0.6061889037826528,0.011905929534333759,1
apple,1.0,0.026153846153846153,0.0,0.0,0.0,1
apple,1.0,0.025516795865633074,0.0,0.0,0.0,1
apple,1.0,0.03408450704225352,0.0,0.0,0.0,1
apple,1.0,0.026334026334026334,0.0,0.0,0.0,1
apple,1.0,0.030202087497224073,0.0,0.0,0.0,1
apple,1.0,0.026279628993473032,0.0,0.0,0.0,1
apple,1.0,0.039128829826504244,0.0,0.0,0.0,1
apple,1.0,0.019615384615384614,0.0,0.22490384615384615,0.15201923076923077,1
apple,1.0,0.020495214315439034,0.0,0.45869746150645024,0.397940074906367,1
apple,1.0,0.020638297872340425,0.0,0.6234042553191489,0.03734042553191489,1
apple,1.0,0.029809725158562367,0.0,0.19471458773784356,0.04693446088794926,1
apple,1.0,0.020410288451525566,0.0,0.577944392377382,0.3713422888680621,1
apple,1.0,0.012349901200790393,0.0,0.32546739626082993,0.06353549171606628,1
apple,1.0,0.008916271238328485,0.0,0.3311074544619623,0.15720189805602328,1
apple,1.0,0.01394384774825702,0.0,0.4260410778217449,0.32994158658375733,1
apple,1.0,0.02531645569620253,0.0,0.7014901458099664,0.03685306841852267,1
apple,1.0,0.0259915611814346,0.0,0.6821940928270043,0.1890295358649789,1
apple,1.0,0.028594771241830064,0.0,0.2581699346405229,0.5663807189542484,1
apple,1.0,0.020739307973350527,0.0,0.5322372662798195,0.007951859015688803,1
apple,1.0,0.020556609740670462,0.0,0.0,0.0,1
apple,1.0,0.032574152542372885,0.0,0.004766949152542373,0.18670550847457626,1
apple,1.0,0.03233376792698826,0.0,0.05189048239895697,0.12073011734028684,1
apple,1.0,0.029462365591397848,0.0,0.11505376344086021,0.1335483870967742,1
apple,1.0,0.029850746268656716,0.0,0.17643127645355314,0.3083092002673201,1
apple,1.0,0.03159203980099502,0.0,0.0,0.0,1
apple,1.0,0.03341687552213868,0.0,0.23447507658033973,0.11083263714842662,1
apple,1.0,0.02584921292460646,0.0,0.0,0.0,1
apple,1.0,0.03439153439153439,0.0,0.17166372721928277,0.04497354497354497,1
apple,1.0,0.0330781848004374,0.0,0.2534171678512849,0.1820667031164571,1
apple,1.0,0.04050736497545008,0.0,0.19803600654664485,0.04459901800327332,1
apple,1.0,0.02722222222222222,0.0,0.33574074074074073,0.48574074074074075,1
apple,1.0,0.028370221327967807,0.0,0.7183098591549296,0.2545271629778672,1
apple,1.0,0.02857142857142857,0.0,0.18489795918367347,0.21020408163265306,1
apple,1.0,0.02117884356790677,0.0,0.0,0.0,1
apple,1.0,0.0222522744037374,0.0,0.0,0.0,1
apple,1.0,0.028717948717948718,0.0,0.0,0.0,1
apple,1.0,0.03,0.0,0.11711111111111111,0.25955555555555554,1
apple,1.0,0.029030910609857977,0.0,0.40288220551378445,0.1501670843776107,1
apple,1.0,0.030117753623188404,0.0,0.23777173913043478,0.06182065217391304,1
apple,1.0,0.0331143951833607,0.0,0.3218390804597701,0.0,1
apple,1.0,0.030090497737556562,0.0,0.030542986425339366,0.0,1
apple,1.0,0.035873015873015876,0.0,0.03873015873015873,0.1819047619047619,1
apple,1.0,0.038838612368024134,0.0,0.3235294117647059,0.05542986425339366,1
apple,1.0,0.041666666666666664,0.0,0.044642857142857144,0.0,1
apple,1.0,0.0264301860545992,0.0,0.0,0.0,1
apple,1.0,0.026500526500526502,0.0,0.0,0.0,1
apple,1.0,0.02797339593114241,0.0,0.12363067292644757,0.14906103286384975,1
apple,1.0,0.027783137179239824,0.0,0.22631680493922438,0.2863206637082771,1
apple,1.0,0.027783137179239824,0.0,0.22400154350762108,0.2863206637082771,1
apple,1.0,0.03201844262295082,0.0,0.0,0.09016393442622951,1
apple,1.0,0.03028233151183971,0.0,0.0,0.0,1
apple,1.0,0.030776515151515152,0.0,0.11174242424242424,0.2002840909090909,1
apple,1.0,0.03286637931034483,0.0,0.11072198275862069,0.0,1
apple,1.0,0.03030998851894374,0.0,0.10126291618828932,0.16417910447761194,1
apple,1.0,0.022347066167290885,0.0,0.0,0.0,1
apple,1.0,0.020305091733663162,0.0,0.4590806019377448,0.060399917542774684,1
apple,1.0,0.020410288451525566,0.0,0.4638133916484432,0.06102259710507133,1
apple,1.0,0.028370221327967807,0.0,0.08390342052313883,0.1295774647887324,1
apple,1.0,0.020442219440967878,0.0,0.7459324155193993,0.1510221109720484,1
apple,1.0,0.021315192743764172,0.0,0.7523809523809524,0.4421768707482993,1
apple,1.0,0.019416573764399852,0.0,0.38926049795615014,0.46878483835005574,1
apple,1.0,0.018311036789297658,0.0,0.7482441471571907,0.36078595317725753,1
apple,1.0,0.01787984742530197,0.0,0.8150031786395423,0.2866338207247298,1
apple,1.0,0.01690201112537441,0.0,0.7754956496933391,0.05013550135501355,1
apple,1.0,0.017927170868347338,0.0,0.7385354141656663,0.03425370148059224,1
apple,1.0,0.006738470035901684,0.0,0.5580778790389396,0.1872631869649268,1
apple,1.0,0.018329427519250083,0.0,0.7204553063274188,0.12721794442584533,1
apple,1.0,0.01837336704593342,0.0,0.25899705014749264,0.1547408343868521,1
apple,1.0,0.019655072743038828,0.0,0.4904133346179786,0.660371904807785,1
apple,1.0,0.007231509625126646,0.0,0.4729483282674772,0.2614108409321175,1
apple,1.0,0.01994047619047619,0.0,0.8281746031746032,0.09067460317460317,1
apple,1.0,0.019729206963249517,0.0,0.6100580270793037,0.37553191489361704,1
apple,1.0,0.017494270435446907,0.0,0.4823529411764706,0.47203972498090147,1
apple,1.0,0.020513359983168524,0.0,0.0,0.0,1
apple,1.0,0.018883049790683174,0.0,0.0,0.0,1
apple,1.0,0.021858576206402292,0.0,0.0,0.0,1
apple,1.0,0.03182234432234432,0.0,0.0,0.0,1
apple,1.0,0.026856524873828405,0.0,0.5490266762797404,0.5059480894015862,1
apple,1.0,0.02758751902587519,0.0,0.20928462709284626,0.3418949771689498,1
apple,1.0,0.03253968253968254,0.0,0.018518518518518517,0.20925925925925926,1
apple,1.0,0.028665028665028666,0.0,0.05466830466830467,0.2665847665847666,1
apple,1.0,0.030679156908665104,0.0,0.26651053864168617,0.29414519906323183,1
apple,1.0,0.028782894736842105,0.0,0.013569078947368422,0.018297697368421052,1
apple,1.0,0.025015634771732333,0.0,0.6951219512195121,0.1899624765478424,1
apple,1.0,0.0251661918328585,0.0,0.7037037037037037,0.19230769230769232,1
apple,1.0,0.015038444142921754,0.0,0.0,0.0,1
apple,1.0,0.02900988017658188,0.0,0.753416018499054,0.6466260248055498,1
apple,1.0,0.02744360902255639,0.0,0.0,0.02424812030075188,1
apple,1.0,0.032469232783451166,0.0,0.0,0.0,1
apple,1.0,0.031054405392392875,0.0,0.0,0.0,1
apple,1.0,0.02722222222222222,0.0,0.14203703703703704,0.3701851851851852,1
apple,1.0,0.027046783625730993,0.0,0.14016812865497075,0.3653143274853801,1
apple,1.0,0.028174603174603175,0.0,0.15595238095238095,0.176984126984127,1
apple,1.0,0.021627308861351415,0.0,0.0,0.0,1
apple,1.0,0.028174603174603175,0.0,0.0494047619047619,0.10972222222222222,1
apple,1.0,0.028577260665441927,0.0,0.016125739946927946,0.16084915288834456,1
apple,1.0,0.029418126757516764,0.0,0.6776984642007354,0.6218905472636815,1
apple,1.0,0.02857142857142857,0.0,0.4561224489795918,0.5395918367346939,1
apple,1.0,0.028174603174603175,0.0,0.1621031746031746,0.24841269841269842,1
apple,1.0,0.024481265860576206,0.0,0.6188983430362741,0.21988356471115092,1
apple,1.0,0.02475171886936593,0.0,0.0,0.0,1
apple,1.0,0.025035205758097326,0.0,0.0,0.0,1
apple,1.0,0.026709401709401708,0.0,0.0,0.0,1
apple,1.0,0.017371033238080914,0.0,0.2315385772296586,0.1532561287411641,1
apple,1.0,0.019535324798482693,0.0,0.7404457088667615,0.04969179706021811,1
apple,1.0,0.017220990391722098,0.0,0.7038433111603843,0.016851441241685146,1
apple,1.0,0.016281512605042018,0.0,0.6604516806722689,0.0,1
apple,1.0,0.030555555555555555,0.0,0.04884259259259259,0.19490740740740742,1
apple,1.0,0.03205128205128205,0.0,0.0,0.2966666666666667,1
apple,1.0,0.031818181818181815,0.0,0.0,0.2921717171717172,1
apple,1.0,0.030555555555555555,0.0,0.04884259259259259,0.19490740740740742,1
apple,1.0,0.03229166666666667,0.0,0.32526041666666666,0.24791666666666667,1
apple,1.0,0.03128054740957967,0.0,0.0,0.0,1
apple,1.0,0.028309409888357256,0.0,0.0,0.12719298245614036,1
apple,1.0,0.02843888664784187,0.0,0.4554255748285599,0.46672045179507865,1
apple,1.0,0.026356857985087568,0.0,0.0,0.0,1
apple,1.0,0.024695121951219513,0.0,0.0,0.0,1
apple,1.0,0.032574152542372885,0.0,0.0,0.13691737288135594,1
apple,1.0,0.028381642512077296,0.0,0.1861916264090177,0.05112721417069243,1
apple,1.0,0.032574152542372885,0.0,0.029661016949152543,0.15439618644067796,1
apple,1.0,0.027783137179239824,0.0,0.07891182712714644,0.23924368126567624,1
apple,1.0,0.030679156908665104,0.0,0.09765807962529274,0.197423887587822,1
apple,1.0,0.030679156908665104,0.0,0.09765807962529274,0.197423887587822,1
apple,1.0,0.006903200466561135,0.0,0.0,0.0,1
apple,1.0,0.02862400327131466,0.0,0.010427315477407483,0.2876712328767123,1
apple,1.0,0.029957522915269395,0.0,0.02749832327297116,0.20098367985691928,1
apple,1.0,0.030834914611005692,0.0,0.03510436432637571,0.0,1
apple,1.0,0.027313266443701228,0.0,0.3896321070234114,0.5758082497212932,1
apple,1.0,0.015045248868778281,0.0,0.0,0.0,1
apple,1.0,0.03253968253968254,0.0,0.17275132275132274,0.011111111111111112,1
apple,1.0,0.026875901875901876,0.0,0.0,0.0,1
apple,1.0,0.03367289190718732,0.0,0.17628749292586304,0.10271646859083192,1
apple,1.0,0.02982456140350877,0.0,0.1006578947368421,0.0756578947368421,1
apple,1.0,0.0060079564829098,0.0,0.6719980514735732,0.30372655679142646,1
apple,1.0,0.006070152168306252,0.0,0.6860008842710291,0.31026859732508016,1
apple,1.0,0.021567717996289426,0.0,0.0,0.0,1
apple,1.0,0.02857142857142857,0.0,0.40551020408163263,0.5512244897959183,1
apple,1.0,0.022352647352647352,0.0,0.0,0.0,1
apple,1.0,0.013621200889547814,0.0,0.736610452186805,0.2733506300963677,1
apple,1.0,0.013636363636363636,0.0,0.41198347107438016,0.43976124885215795,1
apple,1.0,0.015407407407407408,0.0,0.5217777777777778,0.49594074074074074,1
apple,1.0,0.015407407407407408,0.0,0.5217777777777778,0.49594074074074074,1
apple,1.0,0.014723330816524646,0.0,0.5116492287779096,0.3352389170531766,1
apple,1.0,0.018978233495232956,0.0,0.772980751933801,0.13077891707141573,1
apple,1.0,0.017820370663709804,0.0,0.2711864406779661,0.24037699984159672,1
apple,1.0,0.019743240614666407,0.0,0.4534137327368216,0.5495039875510601,1
apple,1.0,0.018899733806566104,0.0,0.8192546583850931,0.042679680567879325,1
apple,1.0,0.02097902097902098,0.0,0.6327578671328671,0.3848339160839161,1
apple,1.0,0.006425138481590095,0.0,0.3809261974584555,0.264795128706419,1
apple,1.0,0.01823607427055703,0.0,0.45333222811671087,0.5792440318302388,1
apple,1.0,0.0055190158643159464,0.0,0.7718553028226911,0.0032657349045400567,1
apple,1.0,0.01774915573706118,0.0,0.5793607162491164,0.0812063143014215,1
apple,1.0,0.018068384378544806,0.0,0.6489223788689029,0.11837627613028683,1
apple,1.0,0.018950567623133994,0.0,0.6781979082864039,0.024582104228121928,1
apple,1.0,0.017786561264822136,0.0,0.5983399209486167,0.05984189723320158,1
apple,1.0,0.011450745888864149,0.0,0.45583510925920034,0.031839435096536146,1
apple,1.0,0.03253968253968254,0.0,0.03941798941798942,0.17592592592592593,1
apple,1.0,0.028850145288501453,0.0,0.06953092569530926,0.3312577833125778,1
apple,1.0,0.03021353930031804,0.0,0.24965924579736484,0.3062244434348024,1
apple,1.0,0.029138513513513514,0.0,0.028716216216216218,0.01752533783783784,1
apple,1.0,0.028577260665441927,0.0,0.5997142273933456,0.5378648703817106,1
apple,1.0,0.028577260665441927,0.0,0.5997142273933456,0.5378648703817106,1
apple,1.0,0.03239289446185998,0.0,0.17998955067920586,0.24059561128526646,1
apple,1.0,0.0331143951833607,0.0,0.009852216748768473,0.0240831964969896,1
apple,1.0,0.029469122426868905,0.0,0.009534127843986998,0.0,1
apple,1.0,0.027242401779095628,0.0,0.14343958487768718,0.054484803558191255,1
apple,1.0,0.02727272727272727,0.0,0.7690166975881262,0.31001855287569574,1
apple,1.0,0.02727272727272727,0.0,0.7690166975881262,0.31001855287569574,1
apple,1.0,0.021111111111111112,0.0,0.0,0.0,1
apple,1.0,0.026838432635534086,0.0,0.0,0.0,1
apple,1.0,0.023128342245989305,0.0,0.0,0.0,1
apple,1.0,0.024393871783430016,0.0,0.0,0.0,1
apple,1.0,0.02877846790890269,0.0,0.2836438923395445,0.6370600414078675,1
apple,1.0,0.019924662965900078,0.0,0.7534694686756542,0.13788659793814434,1
apple,1.0,0.01805465191932336,0.0,0.23999674690956407,0.23178269355888093,1
apple,1.0,0.01879964695498676,0.0,0.7716681376875552,0.012886142983230361,1
apple,1.0,0.0176984250740683,0.0,0.7949477623577109,0.2739747388117886,1
apple,1.0,0.019700627716079187,0.0,0.6076291646547561,0.21100917431192662,1
apple,1.0,0.017577673271143318,0.0,0.6775113715210855,0.6488320098681675,1
apple,1.0,0.01882956152758133,0.0,0.33910891089108913,0.2484087694483734,1
apple,1.0,0.015421899096717338,0.0,0.3065102445472571,0.1660057281339502,1
apple,1.0,0.02564102564102564,0.0,0.5488165680473372,0.3796844181459566,1
apple,1.0,0.02744360902255639,0.0,0.3263157894736842,0.41654135338345866,1
apple,1.0,0.027799227799227798,0.0,0.2565637065637066,0.5963320463320463,1
apple,1.0,0.017615384615384616,0.0,0.4441538461538462,0.41646153846153844,1
apple,1.0,0.014039408866995074,0.0,0.7316256157635468,0.2840394088669951,1
apple,1.0,0.016035353535353535,0.0,0.6294191919191919,0.0803030303030303,1
apple,1.0,0.013945184327349933,0.0,0.4223122949237599,0.47375024126616483,1
apple,1.0,0.010540184453227932,0.0,0.4801968218117286,0.2847194213653841,1
apple,1.0,0.024393871783430016,0.0,0.6848133273836086,0.17313699241410085,1
apple,1.0,0.021567717996289426,0.0,0.2904684601113173,0.3930890538033395,1
apple,1.0,0.025274725274725275,0.0,0.14379905808477236,0.24050235478806908,1
apple,1.0,0.02507351803126451,0.0,0.1420832688438322,0.23711499767837796,1
apple,1.0,0.025645240835114252,0.0,0.6883116883116883,0.20466874897254644,1
apple,1.0,0.021831988609397248,0.0,0.0,0.0,1
apple,1.0,0.02224694104560623,0.0,0.0,0.0,1
apple,1.0,0.02399425287356322,0.0,0.0,0.0,1
apple,1.0,0.04746977160770264,0.0,0.0,0.0,1
apple,1.0,0.015178571428571428,0.0,0.0,0.0,1
apple,1.0,0.028850145288501453,0.0,0.0369447903694479,0.18493150684931506,1
apple,1.0,0.025978407557354925,0.0,0.680668016194332,0.14777327935222673,1
apple,1.0,0.03269537480063796,0.0,0.20627325890483786,0.10260499734183945,1
apple,1.0,0.029469122426868905,0.0,0.16403033586132176,0.27345612134344527,1
apple,1.0,0.027529761904761904,0.0,0.1052827380952381,0.17578125,1
apple,1.0,0.021627308861351415,0.0,0.0,0.0,1
apple,1.0,0.020578303081468973,0.0,0.0,0.0,1
apple,1.0,0.020512820512820513,0.0,0.0,0.0,1
apple,1.0,0.03734567901234568,0.0,0.0,0.0,1
apple,1.0,0.021874252928520202,0.0,0.5933540521157065,0.2654793210614392,1
apple,1.0,0.020970575318401404,0.0,0.5665349143610013,0.005489679402722881,1
apple,1.0,0.03205128205128205,0.0,0.0,0.0,1
apple,1.0,0.02987736900780379,0.0,0.19687848383500559,0.3159420289855073,1
apple,1.0,0.026013513513513515,0.0,0.0,0.0,1
apple,1.0,0.02938045560996381,0.0,0.0,0.0,1
apple,1.0,0.029386529386529386,0.0,0.0,0.0,1
apple,1.0,0.018129614438063987,0.0,0.0,0.0,1
apple,1.0,0.027598020555767034,0.0,0.1414160639512752,0.24743052912066996,1
apple,1.0,0.021728917077754286,0.0,0.6020671834625323,0.3675123326286117,1
apple,1.0,0.03216675244467319,0.0,0.13329902213072567,0.17267112712300567,1
apple,1.0,0.029211087420042643,0.0,0.14690831556503198,0.0791044776119403,1
apple,1.0,0.02904040404040404,0.0,0.23779461279461278,0.27146464646464646,1
apple,1.0,0.028665028665028666,0.0,0.0,0.240990990990991,1
apple,1.0,0.024021864211737628,0.0,0.0,0.16930379746835442,1
apple,1.0,0.027031963470319633,0.0,0.33059360730593607,0.3557990867579909,1
apple,1.0,0.01398635477582846,0.0,0.0,0.0,1
apple,1.0,0.021287976037655112,0.0,0.0,0.0,1
apple,1.0,0.02758751902587519,0.0,0.6735159817351598,0.3491248097412481,1
apple,1.0,0.02943722943722944,0.0,0.16298701298701299,0.3725108225108225,1
apple,1.0,0.02722222222222222,0.0,0.19148148148148147,0.22444444444444445,1
apple,1.0,0.007188024261194993,0.0,0.6849012775842044,0.006336301458252678,1
apple,1.0,0.024390243902439025,0.0,0.0,0.0,1
apple,1.0,0.017355371900826446,0.0,0.2247182569496619,0.15537190082644628,1
apple,1.0,0.0177338355304457,0.0,0.6541117388575016,0.00847457627118644,1
apple,1.0,0.016471695576173187,0.0,0.573013311819282,0.0,1
apple,1.0,0.011417981826877092,0.0,0.4969512195121951,0.0032281205164992827,1
apple,1.0,0.027402402402402402,0.0,0.5540540540540541,0.5118243243243243,1
apple,1.0,0.004910644348842534,0.0,0.6288637431763132,0.16888398828675752,1
apple,1.0,0.02758751902587519,0.0,0.2962328767123288,0.3829908675799087,1
apple,1.0,0.02758751902587519,0.0,0.2962328767123288,0.3829908675799087,1
apple,1.0,0.028370221327967807,0.0,0.08370221327967807,0.22977867203219315,1
apple,1.0,0.027402402402402402,0.0,0.7605105105105106,0.3119369369369369,1
apple,1.0,0.022602397602397604,0.0,0.0,0.0,1
apple,1.0,0.024758454106280192,0.0,0.0,0.0,1
apple,1.0,0.02303732303732304,0.0,0.0,0.0,1
apple,1.0,0.026334026334026334,0.0,0.3373180873180873,0.2571032571032571,1
apple,1.0,0.026856524873828405,0.0,0.743691420331651,0.42321557317952413,1
apple,1.0,0.026856524873828405,0.0,0.743691420331651,0.42321557317952413,1
apple,1.0,0.028169014084507043,0.0,0.4370164649871057,0.6502678040071415,1
apple,1.0,0.005303030303030303,0.0,0.0,0.0,1
apple,1.0,0.02666666666666667,0.0,0.6746666666666666,0.3546666666666667,1
apple,1.0,0.02666666666666667,0.0,0.6746666666666666,0.3546666666666667,1
apple,1.0,0.020330237358101137,0.0,0.7977296181630547,0.1303405572755418,1
apple,1.0,0.021464646464646464,0.0,0.6918044077134986,0.4818640955004591,1
apple,1.0,0.01929969671905156,0.0,0.3134822167080232,0.43745979229850196,1
apple,1.0,0.01814449917898194,0.0,0.7823481116584565,0.3802134646962233,1
apple,1.0,0.017948717948717947,0.0,0.8038461538461539,0.2984775641025641,1
apple,1.0,0.01683644595359366,0.0,0.7705149971703452,0.0666383701188455,1
apple,1.0,0.017998385794995964,0.0,0.7176755447941888,0.021307506053268765,1
apple,1.0,0.006811742037855605,0.0,0.5671993652952511,0.18715856284710417,1
apple,1.0,0.005360756677622609,0.0,0.6597175376401189,0.00869059750548993,1
apple,1.0,0.027046783625730993,0.0,0.2275219298245614,0.28417397660818716,1
apple,1.0,0.009460547504025765,0.0,0.6224950796206835,0.06908659867597065,1
apple,1.0,0.020305091733663162,0.0,0.4557823129251701,0.06431663574520717,1
apple,1.0,0.0315136476426799,0.0,0.41240694789081883,0.10173697270471464,1
apple,1.0,0.0060425166808145536,0.0,0.6601586388820432,0.21057531695829568,1
apple,1.0,0.028370221327967807,0.0,0.27565392354124746,0.37082494969818913,1
apple,1.0,0.02862400327131466,0.0,0.011245144142302188,0.3081169494990799,1
apple,1.0,0.02976190476190476,0.0,0.006613756613756613,0.20480599647266315,1
apple,1.0,0.031054405392392875,0.0,0.03322099181511796,0.04549831487722677,1
apple,1.0,0.031054405392392875,0.0,0.03322099181511796,0.04549831487722677,1
apple,1.0,0.025833333333333333,0.0,0.6773333333333333,0.2315,1
apple,1.0,0.026856524873828405,0.0,0.7195385724585436,0.2220620043258832,1
apple,1.0,0.03367289190718732,0.0,0.366723259762309,0.13129598189020938,1
apple,1.0,0.03131881575727918,0.0,0.34328358208955223,0.13555174944947393,1
apple,1.0,0.0261986301369863,0.0,0.08886986301369863,0.1881849315068493,1
apple,1.0,0.03210066769388803,0.0,0.014381099126861838,0.02182845403184386,1
apple,1.0,0.030834914611005692,0.0,0.16627134724857684,0.13092979127134724,1
apple,1.0,0.03125,0.0,0.054443359375,0.177001953125,1
apple,1.0,0.028665028665028666,0.0,0.2727272727272727,0.3140868140868141,1
apple,1.0,0.027777777777777776,0.0,0.7453703703703703,0.40142746913580246,1
apple,1.0,0.024725274725274724,0.0,0.0,0.0,1
apple,1.0,0.025238095238095237,0.0,0.0,0.0,1
apple,1.0,0.025158227848101265,0.0,0.0,0.0,1
apple,1.0,0.02658450704225352,0.0,0.0,0.0,1
apple,1.0,0.02548701298701299,0.0,0.0,0.0,1
apple,1.0,0.02694394213381555,0.0,0.0,0.0,1
apple,1.0,0.028370221327967807,0.0,0.11629778672032193,0.1414486921529175,1
apple,1.0,0.024922600619195046,0.0,0.3540247678018576,0.40123839009287926,1
apple,1.0,0.024922600619195046,0.0,0.3540247678018576,0.40123839009287926,1
apple,1.0,0.02758751902587519,0.0,0.3789954337899543,0.2975646879756469,1
apple,1.0,0.02758751902587519,0.0,0.3789954337899543,0.2975646879756469,1
apple,1.0,0.028404512489927477,0.0,0.0,0.22119258662369057,1
apple,1.0,0.02923602219376867,0.0,0.0,0.0,1
apple,1.0,0.02923602219376867,0.0,0.0,0.0,1
apple,1.0,0.01763791763791764,0.0,0.6443667443667443,0.22354312354312356,1
apple,1.0,0.020697748853088657,0.0,0.30182438920302995,0.18894697535474234,1
apple,1.0,0.01903735632183908,0.0,0.7452406609195402,0.17232399425287356,1
apple,1.0,0.019638043896804003,0.0,0.6004043126684636,0.32624181748170966,1
apple,1.0,0.01911231884057971,0.0,0.7769927536231884,0.03297101449275362,1
apple,1.0,0.01847457627118644,0.0,0.7126271186440678,0.16983050847457626,1
apple,1.0,0.017494270435446907,0.0,0.6061879297173415,0.31283422459893045,1
apple,1.0,0.027650648360030512,0.0,0.34801678108314266,0.4645308924485126,1
apple,1.0,0.026153846153846153,0.0,0.6623931623931624,0.23726495726495728,1
apple,1.0,0.028169014084507043,0.0,0.19837333862328904,0.22237651259670702,1
apple,1.0,0.025015634771732333,0.0,0.0,0.0,1
apple,1.0,0.02727272727272727,0.0,0.0,0.0,1
apple,1.0,0.019609727963087572,0.0,0.5334999519369412,0.36258771508218784,1
apple,1.0,0.019400187441424556,0.0,0.7114339268978445,0.035145267104029994,1
apple,1.0,0.017679127725856697,0.0,0.7964953271028037,0.1574766355140187,1
apple,1.0,0.02159526297457332,0.0,0.5946824567514223,0.5351213282247765,1
apple,1.0,0.020697748853088657,0.0,0.47551477648565027,0.5440093886695828,1
apple,1.0,0.019872110181997048,0.0,0.9017215937038859,0.2823413674372848,1
apple,1.0,0.018089960886571055,0.0,0.7797425032594524,0.4629237288135593,1
apple,1.0,0.0071483795738856,0.0,0.5786258380968073,0.2703076084614507,1
apple,1.0,0.024868705591597158,0.0,0.0,0.0,1
apple,1.0,0.028693528693528692,0.0,0.0,0.0,1
apple,1.0,0.026279628993473032,0.0,0.0,0.0,1
apple,1.0,0.026500526500526502,0.0,0.2564057564057564,0.3889083889083889,1
apple,1.0,0.02923602219376867,0.0,0.2069995731967563,0.28510456679470764,1
apple,1.0,0.029513888888888888,0.0,0.09071180555555555,0.115234375,1
apple,1.0,0.030621785881252923,0.0,0.09022907900888266,0.0070126227208976155,1
apple,1.0,0.03499245852187029,0.0,0.7644042232277526,0.27541478129713426,1
apple,1.0,0.029273504273504274,0.0,0.0685897435897436,0.31367521367521367,1
apple,1.0,0.013486513486513486,0.0,0.6412678230860049,0.04504586322768141,1
apple,1.0,0.028814262023217248,0.0,0.026326699834162522,0.032545605306799334,1
apple,1.0,0.025978407557354925,0.0,0.7201417004048583,0.26383265856950067,1
apple,1.0,0.02758751902587519,0.0,0.030251141552511414,0.1253805175038052,1
apple,1.0,0.028381642512077296,0.0,0.06099033816425121,0.18337359098228664,1
apple,1.0,0.024021864211737628,0.0,0.5609896432681243,0.4441887226697353,1
apple,1.0,0.006872933396315541,0.0,0.6507439773264053,0.013167217760982522,1
apple,1.0,0.02843888664784187,0.0,0.3618394513916902,0.5564743848325938,1
apple,1.0,0.005633847521107091,0.0,0.6632704881609852,0.15407382720751603,1
apple,1.0,0.013031521049291304,0.0,0.0,0.0,1
apple,1.0,0.02813852813852814,0.0,0.0,0.0,1
apple,1.0,0.029644268774703556,0.0,0.0,0.0,1
apple,1.0,0.02929483155471856,0.0,0.0,0.0,1
apple,1.0,0.02210552027357108,0.0,0.0,0.0,1
apple,1.0,0.006807761774649192,0.0,0.5119714722363728,0.09596860093548835,1
apple,1.0,0.03233376792698826,0.0,0.00651890482398957,0.16401564537157756,1
apple,1.0,0.03262599469496021,0.0,0.0519893899204244,0.0,1
apple,1.0,0.027777777777777776,0.0,0.13310185185185186,0.11014660493827161,1
apple,1.0,0.028949545078577336,0.0,0.08498759305210918,0.09532671629445823,1
apple,1.0,0.027313266443701228,0.0,0.10572277963582312,0.0,1
apple,1.0,0.02548701298701299,0.0,0.0,0.0,1
apple,1.0,0.0259915611814346,0.0,0.0,0.0,1
apple,1.0,0.028174603174603175,0.0,0.033134920634920635,0.19444444444444445,1
apple,1.0,0.01994047619047619,0.0,0.6911706349206349,0.36200396825396824,1
apple,1.0,0.01715542521994135,0.0,0.6624633431085044,0.6462609970674487,1
apple,1.0,0.018575851393188854,0.0,0.4709322325421397,0.7058823529411765,1
apple,1.0,0.018311036789297658,0.0,0.27474916387959863,0.5204849498327759,1
apple,1.0,0.020128824476650563,0.0,0.590378421900161,0.5673309178743962,1
apple,1.0,0.020050125313283207,0.0,0.6411027568922306,0.36962406015037597,1
apple,1.0,0.020050125313283207,0.0,0.7472681704260652,0.0324812030075188,1
apple,1.0,0.027598020555767034,0.0,0.24914350970688998,0.3517320137038447,1
apple,1.0,0.02399425287356322,0.0,0.2760057471264368,0.4614942528735632,1
apple,1.0,0.02797339593114241,0.0,0.2623239436619718,0.6424100156494522,1
apple,1.0,0.026333789329685362,0.0,0.0,0.0,1
apple,1.0,0.02519288301054952,0.0,0.0,0.0,1
apple,1.0,0.02690100430416069,0.0,0.0,0.0,1
apple,1.0,0.017407407407407406,0.0,0.0,0.0,1
apple,1.0,0.02025368248772504,0.0,0.7557283142389526,0.14699263502454993,1
apple,1.0,0.017345794392523366,0.0,0.7318130841121495,0.32717757009345794,1
apple,1.0,0.017837323608688758,0.0,0.6109877913429522,0.10163310607261773,1
apple,1.0,0.018311036789297658,0.0,0.835200668896321,0.22474916387959867,1
apple,1.0,0.02048494983277592,0.0,0.6618938127090301,0.20244565217391305,1
apple,1.0,0.02388888888888889,0.0,0.0,0.0,1
apple,1.0,0.02408450704225352,0.0,0.0,0.0,1
apple,1.0,0.022695750851090657,0.0,0.0,0.0,1
apple,1.0,0.02393018018018018,0.0,0.0,0.0,1
apple,1.0,0.02668564312399929,0.0,0.0,0.0,1
apple,1.0,0.015324325905129554,0.0,0.0,0.0,1
apple,1.0,0.028258706467661692,0.0,0.5578109452736318,0.588457711442786,1
apple,1.0,0.02803921568627451,0.0,0.5531372549019608,0.5815686274509804,1
apple,1.0,0.02987736900780379,0.0,0.12753623188405797,0.0,1
apple,1.0,0.027056277056277056,0.0,0.016053391053391052,0.024891774891774892,1
apple,1.0,0.0331143951833607,0.0,0.17788724685276408,0.20279146141215107,1
apple,1.0,0.026540946394272742,0.0,0.17862755369303301,0.03003317618299284,1
apple,1.0,0.013519068280429323,0.0,0.11390728476821192,0.04384562685544645,1
apple,1.0,0.030621785881252923,0.0,0.20313230481533426,0.1241234221598878,1
apple,1.0,0.028577260665441927,0.0,0.02714839763216983,0.21963666054296796,1
apple,1.0,0.021061966522558474,0.0,0.553818867087906,0.09976720984369804,1
apple,1.0,0.020842379504993486,0.0,0.542336083369518,0.09769865392965697,1
apple,1.0,0.025816122584943372,0.0,0.0,0.0,1
apple,1.0,0.02456298975286317,0.0,0.0,0.0,1
apple,1.0,0.010465116279069767,0.0,0.0,0.0,1
apple,1.0,0.024695121951219513,0.0,0.0,0.0,1
apple,1.0,0.023411829134720702,0.0,0.0,0.0,1
apple,1.0,0.0251661918328585,0.0,0.46375435264324155,0.45030072807850585,1
apple,1.0,0.025989268947015427,0.0,0.16230717639168343,0.3584842387659289,1
apple,1.0,0.025158227848101265,0.0,0.5699367088607595,0.3134493670886076,1
apple,1.0,0.025158227848101265,0.0,0.5699367088607595,0.3134493670886076,1
apple,1.0,0.022730207929742993,0.0,0.0,0.0,1
apple,1.0,0.02900988017658188,0.0,0.05486651250788312,0.19234811856211897,1
apple,1.0,0.02819138376017471,0.0,0.3732380385149891,0.6182251340083383,1
apple,1.0,0.021874252928520202,0.0,0.5967009323452068,0.26751135548649296,1
apple,1.0,0.020620748299319726,0.0,0.5818452380952381,0.0015943877551020409,1
apple,1.0,0.022347066167290885,0.0,0.0,0.0,1
apple,1.0,0.019638043896804003,0.0,0.7130342703118984,0.032537543319214476,1
apple,1.0,0.019246784491533265,0.0,0.7021375034699732,0.11298232627001017,1
apple,1.0,0.017577673271143318,0.0,0.34338138925294887,0.24863156271682985,1
apple,1.0,0.008051529790660225,0.0,0.46035426731078904,0.24413848631239934,1
apple,1.0,0.020697748853088657,0.0,0.7624026458977915,0.28251360290195243,1
apple,1.0,0.018771929824561405,0.0,0.7957017543859649,0.24096491228070174,1
apple,1.0,0.017838819164890676,0.0,0.42008051148472647,0.32267740153129687,1
apple,1.0,0.018524871355060035,0.0,0.5297598627787307,0.5191252144082332,1
apple,1.0,0.027212143650499815,0.0,0.2898926323583858,0.4135505368382081,1
apple,1.0,0.021874252928520202,0.0,0.0,0.0,1
apple,1.0,0.025332691999358666,0.0,0.7195767195767195,0.06653839987173321,1
apple,1.0,0.025332691999358666,0.0,0.7195767195767195,0.06653839987173321,1
apple,1.0,0.026875901875901876,0.0,0.523088023088023,0.4370490620490621,1
apple,1.0,0.022352647352647352,0.0,0.0,0.0,1
apple,1.0,0.021336965157189875,0.0,0.6415843831574168,0.02372034956304619,1
apple,1.0,0.03239289446185998,0.0,0.2251828631138976,0.11206896551724138,1
apple,1.0,0.03015873015873016,0.0,0.14829931972789115,0.31768707482993197,1
apple,1.0,0.02976190476190476,0.0,0.14087301587301587,0.2940917107583774,1
apple,1.0,0.0503030303030303,0.0,0.045454545454545456,0.11818181818181818,1
apple,1.0,0.02938045560996381,0.0,0.24334681711730893,0.04236746859697679,1
apple,1.0,0.01915883587263936,0.0,0.6061490739895995,0.034850834777848734,1
apple,1.0,0.018070818070818073,0.0,0.6663410663410664,0.08856328856328856,1
apple,1.0,0.018234323432343234,0.0,0.7622112211221123,0.008003300330033004,1
apple,1.0,0.011944214305440485,0.0,0.5692488262910798,0.030930682132007732,1
apple,1.0,0.017629698664181424,0.0,0.07618825722273997,0.03999689344516931,1
apple,1.0,0.01950757575757576,0.0,0.6985795454545455,0.016571969696969696,1
apple,1.0,0.018404390037990714,0.0,0.7190375685943436,0.06086956521739131,1
apple,1.0,0.019230769230769232,0.0,0.48566937869822485,0.14071745562130178,1
apple,1.0,0.018672919923571306,0.0,0.7442244224422442,0.1641479937467431,1
apple,1.0,0.019727891156462583,0.0,0.7503401360544217,0.06579203109815354,1
apple,1.0,0.017934002869440458,0.0,0.4371911366172485,0.3032042085126734,1
apple,1.0,0.018518518518518517,0.0,0.5192043895747599,0.3625685871056241,1
apple,1.0,0.017577673271143318,0.0,0.3248785752833243,0.16675661090124122,1
apple,1.0,0.020368072787427628,0.0,0.32899090157154676,0.49720843672456577,1
apple,1.0,0.018691588785046728,0.0,0.5771683116429382,0.046117564852825574,1
apple,1.0,0.019535324798482693,0.0,0.34186818397344715,0.2957799905168326,1
apple,1.0,0.018404390037990714,0.0,0.24617982271000421,0.502406078514141,1
apple,1.0,0.016945516945516947,0.0,0.6588016588016588,0.6336336336336337,1
apple,1.0,0.020285423037716615,0.0,0.5939857288481142,0.3504587155963303,1
apple,1.0,0.018255746411086217,0.0,0.4763090199983404,0.6921417309766824,1
apple,1.0,0.02025368248772504,0.0,0.6599836333878887,0.23128068739770868,1
apple,1.0,0.020008003201280513,0.0,0.7954181672669067,0.005002000800320128,1
apple,1.0,0.01970873786407767,0.0,0.219126213592233,0.16475728155339806,1
apple,1.0,0.020622895622895623,0.0,0.4532828282828283,0.4076178451178451,1
apple,1.0,0.020539287971350326,0.0,0.6150200126395619,0.03307352011796924,1
apple,1.0,0.020309278350515464,0.0,0.5660824742268041,0.37010309278350517,1
apple,1.0,0.030146425495262703,0.0,0.20434969853574506,0.04672695951765719,1
apple,1.0,0.008888127593163564,0.0,0.33004072932130485,0.1594343572760839,1
apple,1.0,0.013977068132284658,0.0,0.4246659717615844,0.330143087273761,1
apple,1.0,0.012316294533227549,0.0,0.3205258982205599,0.06694623899656202,1
apple,1.0,0.027650648360030512,0.0,0.3785278413424866,0.4473684210526316,1
apple,1.0,0.027777777777777776,0.0,0.13657407407407407,0.1716820987654321,1
apple,1.0,0.02877846790890269,0.0,0.1546583850931677,0.30973084886128366,1
apple,1.0,0.017767295597484276,0.0,0.30416666666666664,0.19072327044025159,1
apple,1.0,0.01739656606913244,0.0,0.6514635806671205,0.24801452235080554,1
apple,1.0,0.018354803401532373,0.0,0.722320451292414,0.25696724762145323,1
apple,1.0,0.021264626462646263,0.0,0.5553555355535553,0.16392889288928894,1
apple,1.0,0.018543956043956044,0.0,0.21960851648351648,0.028846153846153848,1
apple,1.0,0.019549876025176424,0.0,0.6483883272935342,0.01888231928285333,1
apple,1.0,0.021627906976744184,0.0,0.5554651162790698,0.04453488372093023,1
apple,1.0,0.027799227799227798,0.0,0.0,0.0,1
apple,1.0,0.024853349799320777,0.0,0.0,0.0,1
apple,1.0,0.024021864211737628,0.0,0.0,0.0,1
apple,1.0,0.028594771241830064,0.0,0.698937908496732,0.6464460784313726,1
apple,1.0,0.02857142857142857,0.0,0.1683673469387755,0.2473469387755102,1
apple,1.0,0.02877846790890269,0.0,0.17080745341614906,0.25093167701863356,1
apple,1.0,0.0251821349382325,0.0,0.7541970224897054,0.11181501425403864,1
apple,1.0,0.02159526297457332,0.0,0.6154649947753396,0.009868802972251248,1
apple,1.0,0.02722222222222222,0.0,0.7648148148148148,0.3351851851851852,1
apple,1.0,0.028381642512077296,0.0,0.2890499194847021,0.41505636070853463,1
apple,1.0,0.00594354952663558,0.0,0.0,0.0,1
apple,1.0,0.025807525807525808,0.0,0.5339660339660339,0.3498168498168498,1
apple,1.0,0.02877846790890269,0.0,0.30890269151138716,0.463768115942029,1
apple,1.0,0.029469122426868905,0.0,0.0866738894907909,0.0,1
apple,1.0,0.027984344422700588,0.0,0.04559686888454012,0.14833659491193738,1
apple,1.0,0.021805752003771807,0.0,0.0,0.0,1
apple,1.0,0.010596318882971384,0.0,0.0,0.0,1
apple,1.0,0.02287581699346405,0.0,0.0,0.0,1
apple,1.0,0.01906318082788671,0.0,0.0,0.0,1
apple,1.0,0.03233376792698826,0.0,0.0242503259452412,0.08657105606258149,1
apple,1.0,0.030090497737556562,0.0,0.19547511312217195,0.09208144796380091,1
apple,1.0,0.03205128205128205,0.0,0.06435897435897436,0.18871794871794872,1
apple,1.0,0.031818181818181815,0.0,0.11994949494949494,0.24823232323232322,1
apple,1.0,0.02821939586645469,0.0,0.019276629570747217,0.2553656597774245,1
apple,1.0,0.02722222222222222,0.0,0.4683333333333333,0.4414814814814815,1
apple,1.0,0.029469122426868905,0.0,0.0,0.2437703141928494,1
apple,1.0,0.03389830508474576,0.0,0.08733122665900603,0.1715024418270612,1
apple,1.0,0.03361581920903955,0.0,0.08587570621468926,0.16864406779661018,1
apple,1.0,0.04124149659863945,0.0,0.0,0.07227891156462585,1
apple,1.0,0.02761904761904762,0.0,0.5133333333333333,0.42457142857142854,1
apple,1.0,0.02098901098901099,0.0,0.7123076923076923,0.05791208791208791,1
apple,1.0,0.018219461697722567,0.0,0.844472049689441,0.01855072463768116,1
apple,1.0,0.02139524297257312,0.0,0.7338113121656993,0.3842039376351428,1
apple,1.0,0.018404390037990714,0.0,0.22650907555930772,0.2552975939214859,1
apple,1.0,0.006586298779439574,0.0,0.479263365996218,0.2457129963898917,1
apple,1.0,0.017806267806267807,0.0,0.6803577081354859,0.5496201329534662,1
apple,1.0,0.019425675675675675,0.0,0.6391704204204204,0.5820195195195195,1
apple,1.0,0.019700627716079187,0.0,0.73056494447127,0.4270400772573636,1
apple,1.0,0.018575586372196543,0.0,0.6556240369799692,0.30303030303030304,1
apple,1.0,0.018137254901960786,0.0,0.773937908496732,0.09926470588235294,1
apple,1.0,0.020730397422126744,0.0,0.43823845327604727,0.5047261009667025,1
apple,1.0,0.017948717948717947,0.0,0.2875,0.34142628205128206,1
apple,1.0,0.01890999910801891,0.0,0.865043261082865,0.06306306306306306,1
apple,1.0,0.020050125313283207,0.0,0.7890726817042607,0.4068170426065163,1
apple,1.0,0.00829059829059829,0.0,0.5784102564102565,0.26282051282051283,1
apple,1.0,0.018750547621133797,0.0,0.45632173836852713,0.6136861473757995,1
apple,1.0,0.038798920377867745,0.0,0.06241565452091768,0.07860998650472335,1
apple,1.0,0.0251821349382325,0.0,0.0,0.0,1
apple,1.0,0.027783137179239824,0.0,0.34265869187729114,0.3804746285934787,1
apple,1.0,0.0331143951833607,0.0,0.32922824302134646,0.05363984674329502,1
apple,1.0,0.028594771241830064,0.0,0.07904411764705882,0.3000408496732026,1
apple,1.0,0.029957522915269395,0.0,0.11692376481108875,0.20008942544153813,1
apple,1.0,0.029857397504456328,0.0,0.09358288770053476,0.05503565062388592,1
apple,1.0,0.0333425951653237,0.0,0.3909419283134204,0.053348152264517924,1
apple,1.0,0.0330781848004374,0.0,0.32504100601421543,0.024876981957353744,1
apple,1.0,0.02782608695652174,0.0,0.0,0.05758454106280193,1
apple,1.0,0.026709401709401708,0.0,0.7133190883190883,0.29825498575498577,1
apple,1.0,0.026709401709401708,0.0,0.7133190883190883,0.29825498575498577,1
apple,1.0,0.02821939586645469,0.0,0.0928060413354531,0.19833068362480127,1
apple,1.0,0.007722122838401908,0.0,0.0,0.0005217650566487776,1
apple,1.0,0.025807525807525808,0.0,0.6343656343656343,0.38961038961038963,1
apple,1.0,0.025478740668614087,0.0,0.611489776046738,0.379746835443038,1
apple,1.0,0.027598020555767034,0.0,0.4035020936429387,0.5595736581652074,1
apple,1.0,0.029469122426868905,0.0,0.23640303358613218,0.24268689057421453,1
apple,1.0,0.029462365591397848,0.0,0.09376344086021506,0.034193548387096775,1
apple,1.0,0.02976190476190476,0.0,0.0,0.0,1
apple,1.0,0.02900988017658188,0.0,0.39499684675215474,0.5907084296825731,1
apple,1.0,0.028790389395194696,0.0,0.30695940347970174,0.567937033968517,1
apple,1.0,0.025,0.0,0.68265625,0.0,1
apple,1.0,0.027598020555767034,0.0,0.33688618195660447,0.4556528359345261,1
apple,1.0,0.027984344422700588,0.0,0.4457925636007828,0.3690802348336595,1
apple,1.0,0.028169014084507043,0.0,0.3594524895853997,0.4050783574687562,1
apple,1.0,0.02105496453900709,0.0,0.549645390070922,0.08798758865248227,1
apple,1.0,0.021169354838709676,0.0,0.5555555555555556,0.0889336917562724,1
apple,1.0,0.027212143650499815,0.0,0.2804516845612736,0.4631617919289152,1
apple,1.0,0.02058174944870314,0.0,0.0,0.0,1
apple,1.0,0.02454080096356519,0.0,0.6464920204757603,0.27145438121047877,1
apple,1.0,0.01740314769975787,0.0,0.49984866828087166,0.3202179176755448,1
apple,1.0,0.017475579975579976,0.0,0.5013736263736264,0.32005494505494503,1
apple,1.0,0.019729206963249517,0.0,0.6370406189555126,0.08704061895551257,1
apple,1.0,0.017767295597484276,0.0,0.20157232704402517,0.1694182389937107,1
apple,1.0,0.017287630402384502,0.0,0.5596870342771982,0.3215350223546945,1
apple,1.0,0.019617224880382776,0.0,0.6309090909090909,0.05464114832535885,1
apple,1.0,0.017549261083743842,0.0,0.5883620689655172,0.2860991379310345,1
apple,1.0,0.028174603174603175,0.0,0.5154761904761904,0.6930555555555555,1
apple,1.0,0.02667140825035562,0.0,0.14206970128022758,0.2852062588904694,1
apple,1.0,0.028991596638655463,0.0,0.3382352941176471,0.4550420168067227,1
apple,1.0,0.01994047619047619,0.0,0.5838293650793651,0.23293650793650794,1
apple,1.0,0.019534972365161045,0.0,0.26662854964741756,0.10863350485991996,1
apple,1.0,0.01908120817507687,0.0,0.6604268402966178,0.20320130222463376,1
apple,1.0,0.023518469306404464,0.0,0.4516343343077332,0.3711134732925857,1
apple,1.0,0.01527518656716418,0.0,0.7946595149253731,0.07083722014925373,1
apple,1.0,0.0077817005001471025,0.0,0.5126654898499559,0.12090320682553692,1
apple,1.0,0.020059288537549406,0.0,0.5977272727272728,0.003952569169960474,1
apple,1.0,0.024448419797257006,0.0,0.0,0.0,1
apple,1.0,0.027106227106227107,0.0,0.0,0.0,1
apple,1.0,0.026171741361614778,0.0,0.0,0.0,1
apple,1.0,0.0264301860545992,0.0,0.0,0.0,1
apple,1.0,0.02761904761904762,0.0,0.0,0.0,1
apple,1.0,0.024868705591597158,0.0,0.28776645041705284,0.4167438986716095,1
apple,1.0,0.005404262146826728,0.0,0.0,0.0,1
apple,1.0,0.01994047619047619,0.0,0.6162698412698413,0.22113095238095237,1
apple,1.0,0.02007226013649137,0.0,0.5444600562023284,0.4581493376154155,1
apple,1.0,0.007541208791208791,0.0,0.5068818681318681,0.13472527472527474,1
apple,1.0,0.019004930524428507,0.0,0.6627521290900942,0.18216046615867323,1
apple,1.0,0.017551892551892552,0.0,0.7077228327228328,0.008165445665445666,1
apple,1.0,0.01789280293953191,0.0,0.36600367441488935,0.1584791117501398,1
apple,1.0,0.017021584818194987,0.0,0.5327393886715921,0.01680428799072867,1
apple,1.0,0.01877104377104377,0.0,0.8306397306397306,0.04856902356902357,1
apple,1.0,0.02442293373045421,0.0,0.5323901712583767,0.3891288160833954,1
apple,1.0,0.006182749460084475,0.0,0.7719454159738547,0.006001184947346291,1
apple,1.0,0.0055712035506723465,0.0,0.0,0.0,1
apple,1.0,0.029726775956284153,0.0,0.12808743169398906,0.19497267759562842,1
apple,1.0,0.02853124372111714,0.0,0.41571227647177017,0.21619449467550733,1
apple,1.0,0.03282216841538876,0.0,0.3718052192628464,0.010492332526230832,1
apple,1.0,0.030117753623188404,0.0,0.3342391304347826,0.08423913043478261,1
apple,1.0,0.03449292452830189,0.0,0.23172169811320756,0.2691627358490566,1
apple,1.0,0.03030998851894374,0.0,0.11779563719862228,0.037657864523536165,1
apple,1.0,0.039638932496075356,0.0,0.35047095761381475,0.0,1
apple,1.0,0.041353383458646614,0.0,0.09816207184628237,0.06850459482038429,1
apple,1.0,0.02797339593114241,0.0,0.15199530516431925,0.18231611893583724,1
apple,1.0,0.02758751902587519,0.0,0.23211567732115676,0.4444444444444444,1
apple,1.0,0.025478740668614087,0.0,0.31223628691983124,0.5173644920480364,1
apple,1.0,0.028991596638655463,0.0,0.07710084033613446,0.18487394957983194,1
apple,1.0,0.025645240835114252,0.0,0.7159296399802729,0.19973697188887063,1
apple,1.0,0.006359940425874492,0.0,0.0,0.0,1
apple,1.0,0.02819138376017471,0.0,0.20270001985308717,0.28409767718880286,1
apple,1.0,0.02819138376017471,0.0,0.20270001985308717,0.28409767718880286,1
apple,1.0,0.027598020555767034,0.0,0.7685572896840502,0.2478111914731633,1
apple,1.0,0.028174603174603175,0.0,0.2357142857142857,0.44305555555555554,1
apple,1.0,0.028174603174603175,0.0,0.23075396825396827,0.26944444444444443,1
apple,1.0,0.02800626713670192,0.0,0.06698002350176263,0.4114766940853897,1
apple,1.0,0.020526315789473684,0.0,0.6523157894736842,0.05347368421052632,1
apple,1.0,0.019960474308300395,0.0,0.40365612648221344,0.5027667984189723,1
apple,1.0,0.03245635603639046,0.0,0.16941234325055324,0.18883698057536266,1
apple,1.0,0.021749408983451537,0.0,0.5956264775413712,0.366903073286052,1
apple,1.0,0.01991281949673073,0.0,0.6979393699227264,0.44600752922528236,1
apple,1.0,0.009403386071900721,0.0,0.441212844897437,0.2623139579512986,1
apple,1.0,0.02426470588235294,0.0,0.0,0.0,1
apple,1.0,0.024922600619195046,0.0,0.0,0.0,1
apple,1.0,0.02484567901234568,0.0,0.0,0.0,1
apple,1.0,0.028814262023217248,0.0,0.6780679933665008,0.5337893864013267,1
apple,1.0,0.02567901234567901,0.0,0.0,0.0,1
apple,1.0,0.0259915611814346,0.0,0.0,0.0,1
apple,1.0,0.027046783625730993,0.0,0.0,0.0,1
apple,1.0,0.02694394213381555,0.0,0.0,0.0,1
apple,1.0,0.024706420619185602,0.0,0.0,0.0,1
apple,1.0,0.02667140825035562,0.0,0.0,0.0,1
apple,1.0,0.023931623931623933,0.0,0.0,0.0,1
apple,1.0,0.024444444444444446,0.0,0.0,0.0,1
apple,1.0,0.022266204849084613,0.0,0.0,0.0,1
apple,1.0,0.0266900790166813,0.0,0.0,0.0,1
apple,1.0,0.024444444444444446,0.0,0.0,0.0,1
apple,1.0,0.005816361899447953,0.0,0.0,0.0,1
apple,1.0,0.029273504273504274,0.0,0.0,0.0,1
apple,1.0,0.030834914611005692,0.0,0.0,0.0,1
apple,1.0,0.029469122426868905,0.0,0.0,0.15276273022751896,1
apple,1.0,0.029418126757516764,0.0,0.7017088470690028,0.6716417910447762,1
apple,1.0,0.026846846846846847,0.0,0.3428828828828829,0.38126126126126125,1
apple,1.0,0.02758751902587519,0.0,0.16076864535768645,0.15220700152207,1
apple,1.0,0.02452153110047847,0.0,0.0,0.0,1
apple,1.0,0.026838432635534086,0.0,0.0,0.0,1
apple,1.0,0.03535980148883375,0.0,0.0,0.0,1
apple,1.0,0.028991596638655463,0.0,0.0,0.0,1
apple,1.0,0.026356857985087568,0.0,0.0,0.0,1
apple,1.0,0.026856524873828405,0.0,0.23900504686373467,0.2665825522710887,1
apple,1.0,0.03154495777446597,0.0,0.0,0.18057625434674615,1
apple,1.0,0.03015873015873016,0.0,0.2605442176870748,0.23877551020408164,1
apple,1.0,0.02186571598336304,0.0,0.5303624480095068,0.0,1
apple,1.0,0.028370221327967807,0.0,0.022132796780684104,0.18390342052313882,1
apple,1.0,0.027031963470319633,0.0,0.5400913242009132,0.5296803652968036,1
apple,1.0,0.018070818070818073,0.0,0.5773707773707774,0.02507122507122507,1
apple,1.0,0.01819535191464726,0.0,0.20866760400297743,0.09635265900256389,1
apple,1.0,0.018234323432343234,0.0,0.6644389438943894,0.0020627062706270625,1
apple,1.0,0.02075268817204301,0.0,0.6480645161290323,0.03473118279569892,1
apple,1.0,0.01189496777732072,0.0,0.5026052378993555,0.021596051007815715,1
apple,1.0,0.019053639154776956,0.0,0.5916561314791403,0.0050568900126422255,1
apple,1.0,0.012618419009162914,0.0,0.49844696381425685,0.014715017859916135,1
apple,1.0,0.018404390037990714,0.0,0.7308569016462643,0.02912621359223301,1
apple,1.0,0.004825581395348837,0.0,0.6250813953488372,0.019447674418604653,1
apple,1.0,0.02452153110047847,0.0,0.0,0.0,1
apple,1.0,0.023839931885908897,0.0,0.0,0.0,1
apple,1.0,0.025007766387076732,0.0,0.0,0.0,1
apple,1.0,0.016573508384245417,0.0,0.0,0.0,1
apple,1.0,0.027106227106227107,0.0,0.0,0.0,1
apple,1.0,0.02442293373045421,0.0,0.0,0.0,1
apple,1.0,0.021874252928520202,0.0,0.621324408319388,0.2581879034185991,1
apple,1.0,0.02702702702702703,0.0,0.5317750182615048,0.5,1
apple,1.0,0.023952954675846242,0.0,0.0,0.0,1
apple,1.0,0.007725385527876631,0.0,0.0,0.0,1
apple,1.0,0.027402402402402402,0.0,0.7522522522522522,0.32957957957957956,1
apple,1.0,0.027212143650499815,0.0,0.7445390596075527,0.3198815253609774,1
apple,1.0,0.029418126757516764,0.0,0.18862210685701924,0.3056456846203764,1
apple,1.0,0.029211087420042643,0.0,0.0,0.04797441364605544,1
apple,1.0,0.06173913043478261,0.0,0.17565217391304347,0.16782608695652174,1
apple,1.0,0.026905019862766343,0.0,0.2175875767425063,0.29360780065005415,1
apple,1.0,0.023614523614523614,0.0,0.0,0.0,1
apple,1.0,0.022759237949111367,0.0,0.0,0.0,1
apple,1.0,0.023717595146166576,0.0,0.0,0.0,1
apple,1.0,0.011822660098522168,0.0,0.0,0.0,1
apple,1.0,0.029116045245077504,0.0,0.0,0.0,1
apple,1.0,0.02397163120567376,0.0,0.0,0.0,1
apple,1.0,0.027598020555767034,0.0,0.12276360867910163,0.4645984012181195,1
apple,1.0,0.027598020555767034,0.0,0.12276360867910163,0.4645984012181195,1
apple,1.0,0.027071520029266508,0.0,0.0,0.0,1
apple,1.0,0.025478740668614087,0.0,0.0,0.0,1
apple,1.0,0.024695121951219513,0.0,0.0,0.0,1
apple,1.0,0.02632034632034632,0.0,0.0,0.0,1
apple,1.0,0.024481265860576206,0.0,0.0,0.0,1
apple,1.0,0.023411829134720702,0.0,0.0,0.0,1
apple,1.0,0.028068137824235385,0.0,0.0,0.0,1
apple,1.0,0.026013513513513515,0.0,0.0,0.0,1
apple,1.0,0.0259915611814346,0.0,0.0,0.0,1
apple,1.0,0.026132699813337858,0.0,0.0,0.0,1
apple,1.0,0.028169014084507043,0.0,0.05118032136480857,0.17615552469748066,1
apple,1.0,0.026547116736990155,0.0,0.0,0.0,1
apple,1.0,0.024695121951219513,0.0,0.0,0.0,1
apple,1.0,0.03239289446185998,0.0,0.10318704284221526,0.012800417972831766,1
apple,1.0,0.05071119356833643,0.0,0.14965986394557823,0.030303030303030304,1
apple,1.0,0.006486816098237941,0.0,0.7088607594936709,0.02341351612767568,1
apple,1.0,0.02667140825035562,0.0,0.7066145092460882,0.34619487908961594,1
apple,1.0,0.026491228070175437,0.0,0.6987719298245614,0.34157894736842104,1
apple,1.0,0.02702702702702703,0.0,0.2514609203798393,0.3281592403214025,1
apple,1.0,0.027212143650499815,0.0,0.25638652350981117,0.33265457238059976,1
apple,1.0,0.028169014084507043,0.0,0.22178139258083712,0.3511208093632216,1
apple,1.0,0.025974025974025976,0.0,0.6888176758306629,0.21184010794400404,1
apple,1.0,0.025353016688061617,0.0,0.0,0.0,1
apple,1.0,0.01900900900900901,0.0,0.5387387387387388,0.27936936936936935,1
apple,1.0,0.01846494213750851,0.0,0.279356705241661,0.5296119809394145,1
apple,1.0,0.020578303081468973,0.0,0.7150696496411988,0.24662304769945126,1
apple,1.0,0.007259928829320242,0.0,0.44806358606717056,0.2942414088677628,1
apple,1.0,0.01919191919191919,0.0,0.7944903581267218,0.1179981634527089,1
apple,1.0,0.017806267806267807,0.0,0.7700221589110477,0.5819088319088319,1
apple,1.0,0.019237849779086894,0.0,0.6797680412371134,0.6733247422680413,1
apple,1.0,0.027402402402402402,0.0,0.12105855855855856,0.27214714714714716,1
apple,1.0,0.03292847503373819,0.0,0.0,0.0,1
apple,1.0,0.03159203980099502,0.0,0.2681592039800995,0.0,1
apple,1.0,0.029418126757516764,0.0,0.1600692191217824,0.0536448193813541,1
apple,1.0,0.02843888664784187,0.0,0.09701492537313433,0.35054457442517145,1
apple,1.0,0.03210066769388803,0.0,0.14329738058551617,0.18823831535695942,1
apple,1.0,0.0177338355304457,0.0,0.07297551789077213,0.16666666666666666,1
apple,1.0,0.027031963470319633,0.0,0.707945205479452,0.32054794520547947,1
apple,1.0,0.027417840375586856,0.0,0.727887323943662,0.3295774647887324,1
apple,1.0,0.020622895622895623,0.0,0.44865319865319864,0.3974116161616162,1
apple,1.0,0.01970873786407767,0.0,0.21757281553398058,0.15145631067961166,1
apple,1.0,0.020638297872340425,0.0,0.6165957446808511,0.03606382978723404,1
apple,1.0,0.029946524064171122,0.0,0.20641711229946524,0.0481283422459893,1
apple,1.0,0.020309278350515464,0.0,0.5814432989690722,0.3618556701030928,1
apple,1.0,0.012349901200790393,0.0,0.3222754217966256,0.062471500227998175,1
apple,1.0,0.013977068132284658,0.0,0.42423955273381975,0.3234151426134748,1
apple,1.0,0.009040604785285636,0.0,0.3371911776167095,0.15869768529342998,1
apple,1.0,0.02877846790890269,0.0,0.16231884057971013,0.20952380952380953,1
apple,1.0,0.03269537480063796,0.0,0.2254120148856991,0.13131313131313133,1
apple,1.0,0.02970950704225352,0.0,0.11619718309859155,0.269806338028169,1
apple,1.0,0.029571646010002173,0.0,0.11219830397912589,0.19417264622744074,1
apple,1.0,0.028371628371628373,0.0,0.0,0.0,1
apple,1.0,0.02727272727272727,0.0,0.0,0.0,1
apple,1.0,0.02541827541827542,0.0,0.0,0.0,1
apple,1.0,0.023558758314855877,0.0,0.0,0.0,1
apple,1.0,0.03131881575727918,0.0,0.2848054807927575,0.19451920724247615,1
apple,1.0,0.030117753623188404,0.0,0.34125905797101447,0.021286231884057972,1
apple,1.0,0.03419053185271771,0.0,0.04500292226767972,0.21858562244301577,1
apple,1.0,0.0293236301369863,0.0,0.11879280821917808,0.08690068493150685,1
apple,1.0,0.02564102564102564,0.0,0.47928994082840237,0.3691650230111769,1
apple,1.0,0.027777777777777776,0.0,0.3551311728395062,0.3506944444444444,1
apple,1.0,0.027783137179239824,0.0,0.7686667952923018,0.43372564152035503,1
apple,1.0,0.026500526500526502,0.0,0.7146367146367146,0.21147771147771147,1
apple,1.0,0.026491228070175437,0.0,0.7152631578947368,0.28017543859649124,1
apple,1.0,0.025206087507926443,0.0,0.6131896005072923,0.4264426125554851,1
apple,1.0,0.025503573749187783,0.0,0.6215074723846654,0.4369720597790773,1
apple,1.0,0.028404512489927477,0.0,0.4967767929089444,0.5517727639000806,1
apple,1.0,0.027071520029266508,0.0,0.7519663435156393,0.3627217852569965,1
apple,1.0,0.027071520029266508,0.0,0.7519663435156393,0.3627217852569965,1
apple,1.0,0.025035205758097326,0.0,0.709591613206071,0.08762322015334063,1
apple,1.0,0.00617572216874589,0.0,0.5850924928759995,0.07668188359526147,1
apple,1.0,0.025478740668614087,0.0,0.7676079195066536,0.06604998377150276,1
apple,1.0,0.03292847503373819,0.0,0.3349527665317139,0.12064777327935222,1
apple,1.0,0.03030998851894374,0.0,0.1272101033295063,0.07210103329506315,1
apple,1.0,0.03,0.0,0.06266666666666666,0.21355555555555555,1
apple,1.0,0.03286637931034483,0.0,0.0,0.0,1
apple,1.0,0.03419053185271771,0.0,0.026592635885447108,0.20631209818819404,1
apple,1.0,0.033566433566433566,0.0,0.0,0.0,1
apple,1.0,0.005768479498624375,0.0,0.6610228661197417,0.011686573739288,1
apple,1.0,0.025478740668614087,0.0,0.0,0.0,1
apple,1.0,0.027212143650499815,0.0,0.0,0.0,1
apple,1.0,0.02632034632034632,0.0,0.0,0.0,1
apple,1.0,0.032574152542372885,0.0,0.16578389830508475,0.025423728813559324,1
apple,1.0,0.04981992797118848,0.0,0.16866746698679472,0.057623049219687875,1
apple,1.0,0.027402402402402402,0.0,0.6685435435435435,0.4455705705705706,1
apple,1.0,0.01929969671905156,0.0,0.2983181692859112,0.3742303097141807,1
apple,1.0,0.018524871355060035,0.0,0.6681818181818182,0.1758147512864494,1
apple,1.0,0.020141700404858298,0.0,0.28289473684210525,0.1459514170040486,1
apple,1.0,0.018329427519250083,0.0,0.6623702711750921,0.11960160696350854,1
apple,1.0,0.018547008547008546,0.0,0.6541880341880342,0.42923076923076925,1
apple,1.0,0.018521679754182313,0.0,0.5495049504950495,0.299931717309662,1
apple,1.0,0.018899733806566104,0.0,0.7430346051464064,0.021206743566992012,1
apple,1.0,0.019535324798482693,0.0,0.7311522048364154,0.03195827406353722,1
apple,1.0,0.01745598057073467,0.0,0.26267455980570736,0.13926836672738313,1
apple,1.0,0.016124871001031993,0.0,0.595265737874097,0.0,1
apple,1.0,0.019523809523809523,0.0,0.41504761904761905,0.4137142857142857,1
apple,1.0,0.01720573032048442,0.0,0.7657657657657657,0.047851129818342934,1
apple,1.0,0.009226565783942833,0.0,0.37709121479613283,0.13314417822614544,1
apple,1.0,0.027984344422700588,0.0,0.08454011741682975,0.09510763209393347,1
apple,1.0,0.020235053653551355,0.0,0.2635666836995401,0.16525293817066938,1
apple,1.0,0.01892996800568788,0.0,0.7749733380732314,0.02808389619623178,1
apple,1.0,0.017648888197791944,0.0,0.7058000310993625,0.1730679521069818,1
apple,1.0,0.019334952363160844,0.0,0.6031197459368578,0.3321501961516906,1
apple,1.0,0.021874252928520202,0.0,0.6238345684915133,0.2581879034185991,1
apple,1.0,0.028790389395194696,0.0,0.24254349627174815,0.4511184755592378,1
apple,1.0,0.02797339593114241,0.0,0.301056338028169,0.31885758998435054,1
apple,1.0,0.02797339593114241,0.0,0.3041862284820031,0.32003129890453835,1
apple,1.0,0.026875901875901876,0.0,0.0,0.0,1
apple,1.0,0.024725274725274724,0.0,0.0,0.0,1
apple,1.0,0.026856524873828405,0.0,0.7645998558038933,0.2764960346070656,1
apple,1.0,0.02668564312399929,0.0,0.7578722647215798,0.2729051770147661,1
apple,1.0,0.019549876025176424,0.0,0.7701697501430479,0.025843982452794203,1
apple,1.0,0.019149715961150816,0.0,0.6676745464540956,0.040131940626717974,1
apple,1.0,0.017577673271143318,0.0,0.36211548839719376,0.21193431501040783,1
apple,1.0,0.020578303081468973,0.0,0.7117982271000423,0.1611439425918109,1
apple,1.0,0.008010829749960185,0.0,0.48289536550406115,0.1734193342888995,1
apple,1.0,0.018524871355060035,0.0,0.6028301886792453,0.39785591766723843,1
apple,1.0,0.018849557522123892,0.0,0.8182300884955752,0.168141592920354,1
apple,1.0,0.017679900744416874,0.0,0.4693703473945409,0.2456575682382134,1
apple,1.0,0.02186379928315412,0.0,0.6345280764635604,0.23393070489844683,1
apple,1.0,0.028258706467661692,0.0,0.1325373134328358,0.21751243781094529,1
apple,1.0,0.025003906860446946,0.0,0.5691514299109236,0.288170026566651,1
apple,1.0,0.02484567901234568,0.0,0.562037037037037,0.2845679012345679,1
apple,1.0,0.007922314257028112,0.0,0.7440072791164659,0.42358496485943775,1
apple,1.0,0.00790625,0.0,0.74103125,0.421890625,1
apple,1.0,0.020330237358101137,0.0,0.787719298245614,0.1303405572755418,1
apple,1.0,0.01929969671905156,0.0,0.3574120025732929,0.4419630548662807,1
apple,1.0,0.021336965157189875,0.0,0.6991260923845194,0.47531494722505957,1
apple,1.0,0.01823607427055703,0.0,0.7765251989389921,0.36952917771883287,1
apple,1.0,0.01787984742530197,0.0,0.8262078830260648,0.3100762873490146,1
apple,1.0,0.016771929824561403,0.0,0.7709473684210526,0.05635087719298246,1
apple,1.0,0.017927170868347338,0.0,0.7177270908363346,0.0344937975190076,1
apple,1.0,0.0067798132183908046,0.0,0.5676297593390804,0.18852146192528735,1
apple,1.0,0.028484848484848484,0.0,0.40545454545454546,0.6440404040404041,1
apple,1.0,0.004807720088989049,0.0,0.7112478691745399,0.02242061772268932,1
apple,1.0,0.029211087420042643,0.0,0.5330490405117271,0.646908315565032,1
apple,1.0,0.028174603174603175,0.0,0.16468253968253968,0.4503968253968254,1
apple,1.0,0.027984344422700588,0.0,0.15616438356164383,0.44422700587084146,1
apple,1.0,0.025657894736842105,0.0,0.6791118421052632,0.022039473684210525,1
apple,1.0,0.02548701298701299,0.0,0.0,0.0,1
apple,1.0,0.02548701298701299,0.0,0.0,0.0,1
apple,1.0,0.027031963470319633,0.0,0.6942465753424657,0.35506849315068495,1
apple,1.0,0.027783137179239824,0.0,0.06579201234806097,0.17460929963341695,1
apple,1.0,0.018329427519250083,0.0,0.7145128891864747,0.125460328088383,1
apple,1.0,0.020050125313283207,0.0,0.828671679197995,0.08611528822055138,1
apple,1.0,0.01837336704593342,0.0,0.2714707121786768,0.15381373788453434,1
apple,1.0,0.019655072743038828,0.0,0.49176221215916754,0.6654783697851431,1
apple,1.0,0.019843597262952102,0.0,0.6365591397849463,0.3772238514173998,1
apple,1.0,0.0072051716563108015,0.0,0.47075880248540763,0.25565806816042175,1
apple,1.0,0.017507645259938837,0.0,0.4847094801223242,0.46926605504587154,1
apple,1.0,0.020578303081468973,0.0,0.47773322076825664,0.5007387083157451,1
apple,1.0,0.015336702315195676,0.0,0.6326830414854859,0.19561640615818546,1
apple,1.0,0.0259915611814346,0.0,0.5368776371308017,0.3539240506329114,1
apple,1.0,0.02224694104560623,0.0,0.7112841428747991,0.33840069212705476,1
apple,1.0,0.027777777777777776,0.0,0.47955246913580246,0.36670524691358025,1
apple,1.0,0.02857142857142857,0.0,0.2510204081632653,0.3324489795918367,1
apple,1.0,0.01549599138446811,0.0,0.5913007059949743,0.12223285868134498,1
apple,1.0,0.014341523594119462,0.0,0.4837051506116994,0.4025393235324355,1
apple,1.0,0.014928698752228164,0.0,0.24699197860962566,0.3302139037433155,1
apple,1.0,0.013842322061500144,0.0,0.7158252706197912,0.2052399655139381,1
apple,1.0,0.02254976064499874,0.0,0.0,0.0,1
apple,1.0,0.025816993464052286,0.0,0.0,0.0,1
apple,1.0,0.02120413096022852,0.0,0.0,0.0,1
apple,1.0,0.04013377926421405,0.0,0.0,0.0,1
apple,1.0,0.008950154829687343,0.0,0.0,0.0,1
apple,1.0,0.021336965157189875,0.0,0.4463738508682329,0.0,1
apple,1.0,0.027071520029266508,0.0,0.3590634717395281,0.44064386317907445,1
apple,1.0,0.029273504273504274,0.0,0.0,0.01623931623931624,1
apple,1.0,0.032574152542372885,0.0,0.10434322033898305,0.22166313559322035,1
apple,1.0,0.033168859649122806,0.0,0.4251644736842105,0.26589912280701755,1
apple,1.0,0.0317780580075662,0.0,0.03682219419924338,0.09306431273644389,1
apple,1.0,0.030117753623188404,0.0,0.22327898550724637,0.3546195652173913,1
apple,1.0,0.027777777777777776,0.0,0.1248070987654321,0.35378086419753085,1
apple,1.0,0.022474747474747474,0.0,0.0,0.0,1
apple,1.0,0.02797339593114241,0.0,0.03501564945226917,0.13380281690140844,1
apple,1.0,0.02800626713670192,0.0,0.07403055229142186,0.23834704269486878,1
apple,1.0,0.0059561738884168795,0.0,0.7610627301047862,0.0006726139903709997,1
apple,1.0,0.028370221327967807,0.0,0.604225352112676,0.462374245472837,1
apple,1.0,0.02532051282051282,0.0,0.7575320512820513,0.08076923076923077,1
apple,1.0,0.02532051282051282,0.0,0.7575320512820513,0.08076923076923077,1
apple,1.0,0.005776347814490048,0.0,0.6626296135765012,0.011719401193611843,1
apple,1.0,0.026500526500526502,0.0,0.7363987363987364,0.20866970866970866,1
apple,1.0,0.026709401709401708,0.0,0.0,0.0,1
apple,1.0,0.024404761904761905,0.0,0.0,0.0,1
apple,1.0,0.028174603174603175,0.0,0.05694444444444444,0.16527777777777777,1
apple,1.0,0.028169014084507043,0.0,0.06387621503669907,0.16921245784566555,1
apple,1.0,0.029273504273504274,0.0,0.2047008547008547,0.18247863247863247,1
apple,1.0,0.02928692699490662,0.0,0.09656196943972835,0.0,1
apple,1.0,0.03538461538461538,0.0,0.7372307692307692,0.21661538461538463,1
apple,1.0,0.029513888888888888,0.0,0.08051215277777778,0.05056423611111111,1
apple,1.0,0.02658450704225352,0.0,0.0,0.0,1
apple,1.0,0.02632034632034632,0.0,0.0,0.0,1
apple,1.0,0.027046783625730993,0.0,0.6120248538011696,0.5721856725146199,1
apple,1.0,0.025015634771732333,0.0,0.7384302689180738,0.06566604127579738,1
apple,1.0,0.028577260665441927,0.0,0.03776280873647683,0.13574198816084915,1
apple,1.0,0.025859192525859193,0.0,0.0,0.0,1
apple,1.0,0.024706420619185602,0.0,0.0,0.0,1
apple,1.0,0.025657894736842105,0.0,0.0,0.0,1
apple,1.0,0.02877846790890269,0.0,0.0,0.0,1
apple,1.0,0.07944915254237288,0.0,0.0,0.0,1
apple,1.0,0.011428944618599791,0.0,0.64005355276907,0.0008163531870428422,1
apple,1.0,0.011462165002627431,0.0,0.6437532842879664,0.0008210719915922228,1
apple,1.0,0.026846846846846847,0.0,0.7108108108108108,0.5522522522522523,1
apple,1.0,0.03233376792698826,0.0,0.022946544980443285,0.14889178617992177,1
apple,1.0,0.03262599469496021,0.0,0.13554376657824935,0.0,1
apple,1.0,0.02758751902587519,0.0,0.1356544901065449,0.1341324200913242,1
apple,1.0,0.026992753623188405,0.0,0.10978260869565218,0.0,1
apple,1.0,0.02938045560996381,0.0,0.12263146689376198,0.17500532254630616,1
apple,1.0,0.028174603174603175,0.0,0.14325396825396824,0.275,1
apple,1.0,0.028370221327967807,0.0,0.013883299798792756,0.11750503018108652,1
apple,1.0,0.02702702702702703,0.0,0.10482103725346968,0.48301680058436813,1
apple,1.0,0.020410288451525566,0.0,0.4734978652504426,0.29397063417681973,1
apple,1.0,0.03159203980099502,0.0,0.0,0.1746268656716418,1
apple,1.0,0.029910714285714287,0.0,0.27098214285714284,0.20580357142857142,1
apple,1.0,0.026144907723855092,0.0,0.47163362952836635,0.3072453861927546,1
apple,1.0,0.026491228070175437,0.0,0.48736842105263156,0.3154385964912281,1
apple,1.0,0.025206087507926443,0.0,0.0,0.0,1
apple,1.0,0.02694394213381555,0.0,0.0,0.0,1
apple,1.0,0.026279628993473032,0.0,0.0,0.0,1
apple,1.0,0.012698540675642989,0.0,0.6777795694590019,0.2163589454164315,1
apple,1.0,0.029469122426868905,0.0,0.36988082340195017,0.4173347778981582,1
apple,1.0,0.020164526484751203,0.0,0.0,0.0,1
apple,1.0,0.026153846153846153,0.0,0.729059829059829,0.3745299145299145,1
apple,1.0,0.026153846153846153,0.0,0.729059829059829,0.3745299145299145,1
apple,1.0,0.026856524873828405,0.0,0.1688896899783706,0.21575342465753425,1
apple,1.0,0.026856524873828405,0.0,0.0,0.0,1
apple,1.0,0.026875901875901876,0.0,0.0,0.0,1
apple,1.0,0.02456298975286317,0.0,0.0,0.0,1
apple,1.0,0.024853349799320777,0.0,0.0,0.0,1
apple,1.0,0.02548701298701299,0.0,0.0,0.0,1
apple,1.0,0.03,0.0,0.0,0.0,1
apple,1.0,0.020517676767676768,0.0,0.7773569023569024,0.1461489898989899,1
apple,1.0,0.018672919923571306,0.0,0.19689074170574952,0.5398645127670662,1
apple,1.0,0.019700627716079187,0.0,0.7585707387735393,0.42790922259777886,1
apple,1.0,0.017858566531132904,0.0,0.676154030136331,0.5414175237184087,1
apple,1.0,0.019221967963386728,0.0,0.6810983981693364,0.42279176201373,1
apple,1.0,0.01881293057763646,0.0,0.7544603426956368,0.009538950715421303,1
apple,1.0,0.020638297872340425,0.0,0.6881914893617022,0.3251063829787234,1
apple,1.0,0.019433962264150943,0.0,0.4075471698113208,0.4669811320754717,1
apple,1.0,0.020210268449525365,0.0,0.572624272736552,0.33632744717770746,1
apple,1.0,0.019345238095238096,0.0,0.8478422619047619,0.09216889880952381,1
apple,1.0,0.01690201112537441,0.0,0.7918984453002424,0.05969191270860077,1
apple,1.0,0.016202498698594484,0.0,0.6605934409161894,0.0,1
apple,1.0,0.024909420289855072,0.0,0.3120471014492754,0.11096014492753623,1
apple,1.0,0.02943722943722944,0.0,0.4316017316017316,0.15670995670995672,1
apple,1.0,0.027242401779095628,0.0,0.5048183839881394,0.47312824314306895,1
apple,1.0,0.02119309262166405,0.0,0.0,0.0,1
apple,1.0,0.02943650126156434,0.0,0.06959629941126998,0.1968040370058873,1
apple,1.0,0.029631255487269536,0.0,0.08823529411764706,0.06211589113257243,1
apple,1.0,0.03367289190718732,0.0,0.3585172608941709,0.020939445387662705,1
apple,1.0,0.017458920187793426,0.0,0.05377053990610329,0.08942194835680752,1
apple,1.0,0.02541827541827542,0.0,0.0,0.0,1
apple,1.0,0.027783137179239824,0.0,0.4728921474049778,0.45765000964692265,1
apple,1.0,0.028782894736842105,0.0,0.47286184210526316,0.5688733552631579,1
apple,1.0,0.020622895622895623,0.0,0.4588594276094276,0.3980429292929293,1
apple,1.0,0.020638297872340425,0.0,0.6234042553191489,0.04340425531914894,1
apple,1.0,0.019615384615384614,0.0,0.22346153846153846,0.16009615384615383,1
apple,1.0,0.020309278350515464,0.0,0.5688659793814433,0.3847422680412371,1
apple,1.0,0.029809725158562367,0.0,0.20824524312896406,0.04482029598308668,1
apple,1.0,0.00890111359425439,0.0,0.3310794032815694,0.1618818405822016,1
apple,1.0,0.027598020555767034,0.0,0.4992386752950133,0.6060144651693947,1
apple,1.0,0.02261178861788618,0.0,0.0,0.0,1
apple,1.0,0.022291021671826627,0.0,0.0,0.0,1
apple,1.0,0.040336134453781515,0.0,0.0,0.0,1
apple,1.0,0.025807525807525808,0.0,0.4975024975024975,0.37512487512487513,1
apple,1.0,0.03239289446185998,0.0,0.19984326018808776,0.28160919540229884,1
apple,1.0,0.02923602219376867,0.0,0.02176696542893726,0.0,1
apple,1.0,0.0331143951833607,0.0,0.0,0.03968253968253968,1
apple,1.0,0.027799227799227798,0.0,0.2361003861003861,0.09594594594594595,1
apple,1.0,0.027212143650499815,0.0,0.7175120325805258,0.34431691965938543,1
apple,1.0,0.02548701298701299,0.0,0.0,0.0,1
apple,1.0,0.025158227848101265,0.0,0.0,0.0,1
apple,1.0,0.023064687168610817,0.0,0.0,0.0,1
apple,1.0,0.024809741248097414,0.0,0.0,0.0,1
apple,1.0,0.0085843234779405,0.0,0.0,0.0,1
apple,1.0,0.019345794392523364,0.0,0.5134579439252337,0.5627102803738318,1
apple,1.0,0.018596642272922945,0.0,0.7570383125269049,0.0782608695652174,1
apple,1.0,0.0176984250740683,0.0,0.390145017932325,0.26383907687509744,1
apple,1.0,0.021440036688832837,0.0,0.5221279523045174,0.24008254987388214,1
apple,1.0,0.017523809523809525,0.0,0.742552380952381,0.020876190476190475,1
apple,1.0,0.018976011457214465,0.0,0.5402792696025779,0.41953097028284997,1
apple,1.0,0.006107991438064788,0.0,0.4121461260825564,0.1582883294374737,1
apple,1.0,0.020141700404858298,0.0,0.49817813765182184,0.09433198380566801,1
apple,1.0,0.027212143650499815,0.0,0.6262495372084413,0.4311366160681229,1
apple,1.0,0.029198635976129584,0.0,0.49019607843137253,0.6099744245524297,1
apple,1.0,0.029411764705882353,0.0,0.49740484429065746,0.6189446366782007,1
apple,1.0,0.01655359565807327,0.0,0.0,0.0,1
apple,1.0,0.01655359565807327,0.0,0.0,0.0,1
apple,1.0,0.02022058823529412,0.0,0.0,0.0,1
apple,1.0,0.03560149296583405,0.0,0.0,0.0,1
apple,1.0,0.021405677655677656,0.0,0.0,0.0,1
apple,1.0,0.016737495913697286,0.0,0.0,0.0,1
apple,1.0,0.025332691999358666,0.0,0.0,0.0,1
apple,1.0,0.02800626713670192,0.0,0.0,0.0,1
apple,1.0,0.03233376792698826,0.0,0.0,0.07535853976531942,1
apple,1.0,0.027912386121341344,0.0,0.0,0.01007947276603993,1
apple,1.0,0.03210066769388803,0.0,0.3418079096045198,0.40703646635850027,1
apple,1.0,0.029469122426868905,0.0,0.39241603466955577,0.5464788732394367,1
apple,1.0,0.027984344422700588,0.0,0.30293542074363994,0.6086105675146771,1
apple,1.0,0.025978407557354925,0.0,0.0,0.0,1
apple,1.0,0.0251821349382325,0.0,0.0,0.0,1
apple,1.0,0.026709401709401708,0.0,0.0,0.0,1
apple,1.0,0.025833333333333333,0.0,0.0,0.0,1
apple,1.0,0.02738970588235294,0.0,0.0,0.0,1
apple,1.0,0.024758454106280192,0.0,0.0,0.0,1
apple,1.0,0.024451318309029312,0.0,0.0,0.0,1
apple,1.0,0.019516374714394515,0.0,0.22477151561309977,0.5226580350342727,1
apple,1.0,0.021012101210121013,0.0,0.414961496149615,0.5453245324532453,1
apple,1.0,0.020578303081468973,0.0,0.3866610384128324,0.6040523427606586,1
apple,1.0,0.018558295386201563,0.0,0.20817939685539996,0.24228885643096487,1
apple,1.0,0.010129618289446826,0.0,0.21519697897530107,0.3756634006940192,1
apple,1.0,0.028370221327967807,0.0,0.23340040241448692,0.27525150905432594,1
apple,1.0,0.006757450888627621,0.0,0.0,0.0,1
apple,1.0,0.0067921308148250654,0.0,0.0,0.0,1
apple,1.0,0.020098482564566374,0.0,0.6226509898502663,0.12481157672595719,1
apple,1.0,0.018637309292649097,0.0,0.719746879334258,0.1394764216366158,1
apple,1.0,0.018849557522123892,0.0,0.7623893805309735,0.035221238938053095,1
apple,1.0,0.018207282913165267,0.0,0.7695666501894876,0.21708683473389356,1
apple,1.0,0.018255746411086217,0.0,0.6816031864575554,0.2222222222222222,1
apple,1.0,0.012517602879048663,0.0,0.1529103426693788,0.24139414802065404,1
apple,1.0,0.02475171886936593,0.0,0.7410236822001528,0.039572192513368985,1
apple,1.0,0.021988643228222787,0.0,0.42986589343965204,0.4449679835689259,1
apple,1.0,0.019237883832778396,0.0,0.6560303366629671,0.10155382907880134,1
apple,1.0,0.022616917965755174,0.0,0.7453360592895477,0.4491438793764375,1
apple,1.0,0.018869603916332887,0.0,0.47823765020026704,0.4591010235870049,1
apple,1.0,0.010174119101586648,0.0,0.5181846280651143,0.3246960642901298,1
apple,1.0,0.028174603174603175,0.0,0.24861111111111112,0.36468253968253966,1
apple,1.0,0.02943722943722944,0.0,0.2487012987012987,0.3997835497835498,1
apple,1.0,0.027417840375586856,0.0,0.3628169014084507,0.42704225352112674,1
apple,1.0,0.02548701298701299,0.0,0.7352272727272727,0.17824675324675324,1
apple,1.0,0.02744360902255639,0.0,0.2776315789473684,0.530827067669173,1
apple,1.0,0.02797339593114241,0.0,0.2445226917057903,0.5091940532081377,1
apple,1.0,0.025816122584943372,0.0,0.789307128580946,0.19103930712858094,1
apple,1.0,0.02782608695652174,0.0,0.18531400966183575,0.41855072463768117,1
apple,1.0,0.025353016688061617,0.0,0.7198331193838254,0.031129653401797176,1
apple,1.0,0.027526395173453996,0.0,0.40101809954751133,0.580316742081448,1
apple,1.0,0.027526395173453996,0.0,0.40101809954751133,0.580316742081448,1
apple,1.0,0.02186571598336304,0.0,0.5654188948306595,0.017587641117052882,1
apple,1.0,0.02186571598336304,0.0,0.5654188948306595,0.017587641117052882,1
apple,1.0,0.026856524873828405,0.0,0.24026676279740447,0.16870944484498918,1
apple,1.0,0.02186571598336304,0.0,0.5699346405228758,0.0,1
apple,1.0,0.021728917077754286,0.0,0.5633074935400517,0.0,1
apple,1.0,0.02758751902587519,0.0,0.1704718417047184,0.5365296803652968,1
apple,1.0,0.02797339593114241,0.0,0.5925273865414711,0.36306729264475746,1
apple,1.0,0.028258706467661692,0.0,0.4545273631840796,0.5522388059701493,1
apple,1.0,0.02604430914933198,0.0,0.0,0.0,0
apple,1.0,0.02604430914933198,0.0,0.0,0.0,0
apple,1.0,0.02631578947368421,0.0,0.0,0.0,0
apple,1.0,0.023458810692853247,0.0,0.0,0.0,0
apple,1.0,0.026144907723855092,0.0,0.0,0.0,0
apple,1.0,0.024706420619185602,0.0,0.0,0.0,0
apple,1.0,0.024706420619185602,0.0,0.0,0.0,0
apple,1.0,0.02631578947368421,0.0,0.0,0.0,0
apple,1.0,0.026144907723855092,0.0,0.0,0.0,0
apple,1.0,0.023809523809523808,0.0,0.0,0.0,0
apple,1.0,0.025015634771732333,0.0,0.0,0.0,0
apple,1.0,0.025015634771732333,0.0,0.0,0.0,0
apple,1.0,0.006602457944739824,0.0,0.005523838577529853,0.14060184781661292,0
apple,1.0,0.006551716742799545,0.0,0.005436530914237921,0.1383795492075747,0
apple,1.0,0.006017337169951318,0.0,0.0,0.20522286769097128,0
apple,1.0,0.02484567901234568,0.0,0.0,0.0,0
apple,1.0,0.025645240835114252,0.0,0.0,0.0,0
apple,1.0,0.025645240835114252,0.0,0.0,0.0,0
apple,1.0,0.025807525807525808,0.0,0.0,0.0,0
apple,1.0,0.025978407557354925,0.0,0.0,0.0,0
apple,1.0,0.005897227177471033,0.0,0.6035435321013526,0.279620360588164,0
apple,1.0,0.005555598422827337,0.0,0.09552542843694782,0.29071983580120214,0
apple,1.0,0.005327880451702374,0.0,0.5645430617269974,0.5450216511476523,0
apple,1.0,0.00604317860240084,0.0,0.665196951024693,0.5120726642019261,0
apple,1.0,0.026500526500526502,0.0,0.0,0.0,0
apple,1.0,0.023839931885908897,0.0,0.0,0.0,0
apple,1.0,0.024695121951219513,0.0,0.0,0.0,0
apple,1.0,0.02454080096356519,0.0,0.0,0.0,0
apple,1.0,0.02454080096356519,0.0,0.0,0.0,0
apple,1.0,0.026491228070175437,0.0,0.0,0.0,0
apple,1.0,0.026491228070175437,0.0,0.0,0.0,0
apple,1.0,0.02454080096356519,0.0,0.0,0.0,0
apple,1.0,0.025807525807525808,0.0,0.0,0.0,0
apple,1.0,0.025807525807525808,0.0,0.0,0.0,0
apple,1.0,0.02896825396825397,0.0,0.0,0.0,0
apple,1.0,0.00911961444181312,0.0,0.20678050604512027,0.269267522539366,0
apple,1.0,0.02632034632034632,0.0,0.0,0.0,0
apple,1.0,0.024695121951219513,0.0,0.0,0.0,0
apple,1.0,0.02632034632034632,0.0,0.0,0.0,0
apple,1.0,0.0048051162388730445,0.0,0.11927519949298533,0.471304698527929,0
apple,1.0,0.004843379836799158,0.0,0.12109619490509198,0.4785001901085081,0
apple,1.0,0.02484567901234568,0.0,0.0,0.0,0
apple,1.0,0.01227409638554217,0.0,0.45052710843373495,0.21570030120481928,0
apple,1.0,0.024695121951219513,0.0,0.0,0.0,0
apple,1.0,0.012308741099833358,0.0,0.46099075897591274,0.21845174973488865,0
apple,1.0,0.026491228070175437,0.0,0.0,0.0,0
apple,1.0,0.007892033249276174,0.0,0.7038541763955045,0.059758413498957066,0
apple,1.0,0.0079071148406857,0.0,0.7065929085993781,0.059990936508680634,0
apple,1.0,0.02454819277108434,0.0,0.0,0.0,0
apple,1.0,0.023739701159056,0.0,0.0,0.0,0
apple,1.0,0.023976023976023976,0.0,0.0,0.0,0
apple,1.0,0.025978407557354925,0.0,0.0,0.0,0
apple,1.0,0.006795626962480805,0.0,0.6385253604088836,0.19533130113909836,0
apple,1.0,0.05322128851540616,0.0,0.47058823529411764,0.12605042016806722,0
apple,1.0,0.025807525807525808,0.0,0.0,0.0,0
apple,1.0,0.01374976374976375,0.0,0.448024948024948,0.3143545643545644,0
apple,1.0,0.010213652944241793,0.0,0.03871808233454924,0.5238926524231371,0
apple,1.0,0.024695121951219513,0.0,0.0,0.0,0
apple,1.0,0.02632034632034632,0.0,0.0,0.0,0
apple,1.0,0.02548701298701299,0.0,0.0,0.0,0
apple,1.0,0.02548701298701299,0.0,0.0,0.0,0
apple,1.0,0.007551040761372865,0.0,0.42572197922751426,0.30979213267036143,0
apple,1.0,0.025833333333333333,0.0,0.0,0.0,0
apple,1.0,0.006471073258811619,0.0,0.7702038388076525,0.0668294872196303,0
apple,1.0,0.025478740668614087,0.0,0.0,0.0,0
apple,1.0,0.025478740668614087,0.0,0.0,0.0,0
apple,1.0,0.04112903225806452,0.0,0.0,0.0,0
apple,1.0,0.008116323009940031,0.0,0.0,0.0012322352747884662,0
apple,1.0,0.004978852263086517,0.0,0.14894447093502103,0.4566363022733043,0
apple,1.0,0.025645240835114252,0.0,0.0,0.0,0
apple,1.0,0.025645240835114252,0.0,0.0,0.0,0
apple,1.0,0.005864197530864198,0.0,0.5214506172839506,0.21123113854595335,0
apple,1.0,0.006127312990278872,0.0,0.5856510152760575,0.23783920729647562,0
apple,1.0,0.025978407557354925,0.0,0.0,0.0,0
apple,1.0,0.02668564312399929,0.0,0.0,0.0,0
apple,1.0,0.007305497787020743,0.0,0.6269530208499974,0.3398922839012425,0
apple,1.0,0.024691358024691357,0.0,0.0,0.0,0
apple,1.0,0.04044117647058824,0.0,0.0,0.0,0
apple,1.0,0.026356857985087568,0.0,0.0,0.0,0
apple,1.0,0.008982152599173876,0.0,0.5243940456706414,0.4165692463564804,0
apple,1.0,0.02046142603612068,0.0,0.6619688902808226,0.21233949264015034,0
apple,1.0,0.031176746366619785,0.0,0.6111111111111112,0.602906704172527,0
apple,1.0,0.006187588649106608,0.0,0.00558786851850089,0.15163399937172176,0
apple,1.0,0.024404761904761905,0.0,0.0,0.0,0
apple,1.0,0.025015634771732333,0.0,0.0,0.0,0
apple,1.0,0.024404761904761905,0.0,0.0,0.0,0
apple,1.0,0.02564102564102564,0.0,0.0,0.0,0
apple,1.0,0.023735955056179776,0.0,0.0,0.0,0
apple,1.0,0.026144907723855092,0.0,0.0,0.0,0
apple,1.0,0.008094126862383524,0.0,0.0014034171575906917,0.16969924443936749,0
apple,1.0,0.008094126862383524,0.0,0.0014034171575906917,0.16969924443936749,0
apple,1.0,0.00898989898989899,0.0,0.10414141414141415,0.25117171717171716,0
apple,1.0,0.026334026334026334,0.0,0.0,0.0,0
apple,1.0,0.02454819277108434,0.0,0.0,0.0,0
apple,1.0,0.02454819277108434,0.0,0.0,0.0,0
apple,1.0,0.025974025974025976,0.0,0.0,0.0,0
apple,1.0,0.0073155726742630935,0.0,0.5770475579093779,0.4639570962392339,0
apple,1.0,0.02442293373045421,0.0,0.0,0.0,0
apple,1.0,0.025035205758097326,0.0,0.0,0.0,0
apple,1.0,0.006459464519752855,0.0,0.16802929122719423,0.35070419605150926,0
apple,1.0,0.024393871783430016,0.0,0.0,0.0,0
apple,1.0,0.024695121951219513,0.0,0.0,0.0,0
apple,1.0,0.025816122584943372,0.0,0.0,0.0,0
apple,1.0,0.004997192588433464,0.0,0.2831617692931562,0.32086218728554494,0
apple,1.0,0.007032844232824798,0.0,0.13687931202021184,0.39529686133514724,0
apple,1.0,0.025978407557354925,0.0,0.0,0.0,0
apple,1.0,0.026144907723855092,0.0,0.0,0.0,0
apple,1.0,0.02454819277108434,0.0,0.0,0.0,0
apple,1.0,0.024390243902439025,0.0,0.0,0.0,0
apple,1.0,0.004350786924939468,0.0,0.7494845263317191,0.13972646791767554,0
apple,1.0,0.00547196646455573,0.0,0.07629313571375103,0.153873792948574,0
apple,1.0,0.026875901875901876,0.0,0.0,0.0,0
apple,1.0,0.026875901875901876,0.0,0.0,0.0,0
apple,1.0,0.025708635464733027,0.0,0.0,0.0,0
apple,1.0,0.005741264723300651,0.0,0.37707277752187934,0.4039201816147924,0
apple,1.0,0.008756131207847946,0.0,0.6830931943592887,0.07543301655426118,0
apple,1.0,0.024691358024691357,0.0,0.0,0.0,0
apple,1.0,0.025015634771732333,0.0,0.0,0.0,0
apple,1.0,0.02368937482478273,0.0,0.0,0.0,0
apple,1.0,0.026491228070175437,0.0,0.0,0.0,0
apple,1.0,0.006250182540377932,0.0,0.2182793500588997,0.4969966023150988,0
apple,1.0,0.023392612859097127,0.0,0.0,0.0,0
apple,1.0,0.026144907723855092,0.0,0.0,0.0,0
apple,1.0,0.02631578947368421,0.0,0.0,0.0,0
apple,1.0,0.023392612859097127,0.0,0.0,0.0,0
apple,1.0,0.006146148036253777,0.0,0.5851586102719033,0.2379248489425982,0
apple,1.0,0.03195352214960058,0.0,0.0,0.0,0
apple,1.0,0.02531645569620253,0.0,0.0,0.0,0
apple,1.0,0.02532051282051282,0.0,0.0,0.0,0
apple,1.0,0.024853349799320777,0.0,0.0,0.0,0
apple,1.0,0.025645240835114252,0.0,0.0,0.0,0
apple,1.0,0.025645240835114252,0.0,0.0,0.0,0
apple,1.0,0.025478740668614087,0.0,0.0,0.0,0
apple,1.0,0.02381289865343728,0.0,0.0,0.0,0
apple,1.0,0.025003906860446946,0.0,0.0,0.0,0
apple,1.0,0.012093533065400073,0.0,0.6585677749360613,0.5871392035074899,0
apple,1.0,0.02564102564102564,0.0,0.0,0.0,0
apple,1.0,0.02564102564102564,0.0,0.0,0.0,0
apple,1.0,0.02431476569407604,0.0,0.0,0.0,0
apple,1.0,0.025657894736842105,0.0,0.0,0.0,0
apple,1.0,0.024393871783430016,0.0,0.0,0.0,0
apple,1.0,0.024393871783430016,0.0,0.0,0.0,0
apple,1.0,0.026144907723855092,0.0,0.0,0.0,0
apple,1.0,0.026144907723855092,0.0,0.0,0.0,0
apple,1.0,0.024695121951219513,0.0,0.0,0.0,0
apple,1.0,0.024695121951219513,0.0,0.0,0.0,0
apple,1.0,0.02632034632034632,0.0,0.0,0.0,0
apple,1.0,0.02454080096356519,0.0,0.0,0.0,0
apple,1.0,0.02668564312399929,0.0,0.0,0.0,0
apple,1.0,0.02424331472230385,0.0,0.0,0.0,0
apple,1.0,0.02454819277108434,0.0,0.0,0.0,0
apple,1.0,0.0049225931301403,0.0,0.14125544267053702,0.4404269472665699,0
apple,1.0,0.026491228070175437,0.0,0.0,0.0,0
apple,1.0,0.025974025974025976,0.0,0.0,0.0,0
apple,1.0,0.025206087507926443,0.0,0.0,0.0,0
apple,1.0,0.025206087507926443,0.0,0.0,0.0,0
apple,1.0,0.02484567901234568,0.0,0.0,0.0,0
apple,1.0,0.0238230289279637,0.0,0.0,0.0,0
apple,1.0,0.007174945449878065,0.0,0.4923886535746374,0.5879347965601335,0
apple,1.0,0.02564102564102564,0.0,0.0,0.0,0
apple,1.0,0.007195734327276492,0.0,0.0,0.00019412952321789097,0
apple,1.0,0.005780346820809248,0.0,0.7523639279628453,0.46668782785926693,0
apple,1.0,0.005763736628795429,0.0,0.7480399973423693,0.4640057139060528,0
apple,1.0,0.006182749460084475,0.0,0.733119278328842,0.28387133765265754,0
apple,1.0,0.006667333400006668,0.0,0.7357735773577357,0.07456301185674123,0
apple,1.0,0.026491228070175437,0.0,0.0,0.0,0
apple,1.0,0.007516358303249098,0.0,0.5466211642599278,0.39475688176895307,0
apple,1.0,0.007529438405797101,0.0,0.5486016757246377,0.396187160326087,0
apple,1.0,0.02411038489469862,0.0,0.0,0.0,0
apple,1.0,0.024250440917107582,0.0,0.0,0.0,0
apple,1.0,0.025816122584943372,0.0,0.0,0.0,0
apple,1.0,0.02454819277108434,0.0,0.0,0.0,0
apple,1.0,0.006051561870582634,0.0,0.28830519646976965,0.377476471234482,0
apple,1.0,0.0251661918328585,0.0,0.0,0.0,0
apple,1.0,0.024853349799320777,0.0,0.0,0.0,0
apple,1.0,0.024853349799320777,0.0,0.0,0.0,0
apple,1.0,0.004975894144659888,0.0,0.41895295799577914,0.5544099171303202,0
apple,1.0,0.023392612859097127,0.0,0.0,0.0,0
apple,1.0,0.005891131201304899,0.0,0.45032015131270714,0.34984122577174687,0
apple,1.0,0.02314071696094168,0.0,0.0,0.0,0
apple,1.0,0.009527266128300517,0.0,0.0,0.4436076581072498,0
apple,1.0,0.02531645569620253,0.0,0.0,0.0,0
apple,1.0,0.025015634771732333,0.0,0.0,0.0,0
apple,1.0,0.02651914295749912,0.0,0.0,0.0,0
apple,1.0,0.02668564312399929,0.0,0.0,0.0,0
apple,1.0,0.006039932687497158,0.0,0.36930004093327873,0.3294310274252968,0
apple,1.0,0.005950072282359578,0.0,0.35904939882232645,0.31941750996086177,0
apple,1.0,0.026500526500526502,0.0,0.0,0.0,0
apple,1.0,0.027031963470319633,0.0,0.0,0.0,0
apple,1.0,0.0035314432475563534,0.0,0.10748616098144824,0.48128927289048473,0
apple,1.0,0.004702261132589918,0.0,0.18661533054286353,0.009409847589225804,0
apple,1.0,0.003998103666245259,0.0,0.5433786346396966,0.35564554361567635,0
apple,1.0,0.003155897879018121,0.0,0.11722757723383441,0.39005010701746545,0
apple,1.0,0.005692154690772079,0.0,0.17415244301781224,0.3153728603885866,0
apple,1.0,0.005698305909054065,0.0,0.1745886358109751,0.31616276242198266,0
apple,1.0,0.025,0.0,0.0,0.0,0
apple,1.0,0.02548701298701299,0.0,0.0,0.0,0
apple,1.0,0.02548701298701299,0.0,0.0,0.0,0
apple,1.0,0.02353266888150609,0.0,0.0,0.0,0
apple,1.0,0.005833333333333334,0.0,0.029447278911564626,0.1324574829931973,0
apple,1.0,0.026491228070175437,0.0,0.0,0.0,0
apple,1.0,0.00593518844663614,0.0,0.4556005635787249,0.3557678760126805,0
apple,1.0,0.026491228070175437,0.0,0.0,0.0,0
apple,1.0,0.024706420619185602,0.0,0.0,0.0,0
apple,1.0,0.02484567901234568,0.0,0.0,0.0,0
apple,1.0,0.02345679012345679,0.0,0.0,0.003429355281207133,0
apple,1.0,0.023558758314855877,0.0,0.0,0.0,0
apple,1.0,0.025974025974025976,0.0,0.0,0.0,0
apple,1.0,0.025807525807525808,0.0,0.0,0.0,0
apple,1.0,0.025807525807525808,0.0,0.0,0.0,0
apple,1.0,0.025645240835114252,0.0,0.0,0.0,0
apple,1.0,0.005589383294301327,0.0,0.31641686182669787,0.36629976580796253,0
apple,1.0,0.00561258226014673,0.0,0.31927170250952486,0.36936773827891306,0
apple,1.0,0.025645240835114252,0.0,0.0,0.0,0
apple,1.0,0.024695121951219513,0.0,0.0,0.0,0
apple,1.0,0.02564102564102564,0.0,0.0,0.0,0
apple,1.0,0.02564102564102564,0.0,0.0,0.0,0
apple,1.0,0.006197891181916741,0.0,0.3569735870055359,0.44831093073904577,0
apple,1.0,0.012269938650306749,0.0,0.04862810041778012,0.2964356957356318,0
apple,1.0,0.025645240835114252,0.0,0.0,0.0,0
apple,1.0,0.0054444444444444445,0.0,0.03731851851851852,0.7528518518518519,0
apple,1.0,0.006792757467420136,0.0,0.07430515511475032,0.14269403759658633,0
apple,1.0,0.005467092880829325,0.0,0.3045066172736235,0.3352702177874705,0
apple,1.0,0.006761695906432748,0.0,0.16688368055555555,0.41360562865497075,0
apple,1.0,0.024695121951219513,0.0,0.0,0.0,0
apple,1.0,0.04382284382284382,0.0,0.2680652680652681,0.0,0
apple,1.0,0.00811045986635801,0.0,0.2014480618627789,0.15216142113644945,0
apple,1.0,0.026856524873828405,0.0,0.0,0.0,0
apple,1.0,0.027242401779095628,0.0,0.0,0.0,0
apple,1.0,0.024853349799320777,0.0,0.0,0.0,0
apple,1.0,0.025978407557354925,0.0,0.0,0.0,0
apple,1.0,0.025978407557354925,0.0,0.0,0.0,0
apple,1.0,0.06203007518796992,0.0,0.0,0.0,0
apple,1.0,0.05721003134796238,0.0,0.29702194357366773,0.3887147335423197,0
apple,1.0,0.06084656084656084,0.0,0.0,0.28835978835978837,0
apple,1.0,0.05721003134796238,0.0,0.29702194357366773,0.3887147335423197,0
apple,1.0,0.02442293373045421,0.0,0.0,0.0,0
apple,1.0,0.024853349799320777,0.0,0.0,0.0,0
apple,1.0,0.025353016688061617,0.0,0.0,0.0,0
apple,1.0,0.024891774891774892,0.0,0.0,0.0,0
apple,1.0,0.02632034632034632,0.0,0.0,0.0,0
apple,1.0,0.026500526500526502,0.0,0.0,0.0,0
apple,1.0,0.005833648552095154,0.0,0.37838860168957256,0.4073046694405918,0
apple,1.0,0.025478740668614087,0.0,0.0,0.0,0
apple,1.0,0.026856524873828405,0.0,0.0,0.0,0
apple,1.0,0.02631578947368421,0.0,0.0,0.0,0
apple,1.0,0.032349896480331264,0.0,0.49560041407867494,0.0,0
apple,1.0,0.0251661918328585,0.0,0.0,0.0,0
apple,1.0,0.0259915611814346,0.0,0.0,0.0,0
apple,1.0,0.026144907723855092,0.0,0.0,0.0,0
apple,1.0,0.02548701298701299,0.0,0.0,0.0,0
apple,1.0,0.025478740668614087,0.0,0.0,0.0,0
apple,1.0,0.03036576949620428,0.0,0.0,0.0,0
apple,1.0,0.024127906976744187,0.0,0.0,0.0,0
apple,1.0,0.0238230289279637,0.0,0.0,0.0,0
apple,1.0,0.025816993464052286,0.0,0.434640522875817,0.024019607843137256,0
apple,1.0,0.026500526500526502,0.0,0.0,0.0,0
apple,1.0,0.02632034632034632,0.0,0.0,0.0,0
apple,1.0,0.007158406966320912,0.0,0.12189781021897811,0.17723139966705084,0
apple,1.0,0.00738097832007844,0.0,0.2409440026146639,0.48723989541344376,0
apple,1.0,0.03200204813108039,0.0,0.0,0.006400409626216078,0
apple,1.0,0.025978407557354925,0.0,0.0,0.0,0
apple,1.0,0.025332691999358666,0.0,0.0,0.0,0
apple,1.0,0.025332691999358666,0.0,0.0,0.0,0
apple,1.0,0.025206087507926443,0.0,0.0,0.0,0
apple,1.0,0.010154639175257732,0.0,0.0038917525773195876,0.027835051546391754,0
apple,1.0,0.025645240835114252,0.0,0.0,0.0,0
apple,1.0,0.005816361899447953,0.0,0.011150844978738153,0.16909719580342725,0
apple,1.0,0.005772594752186589,0.0,0.010987088713036235,0.16661391087047064,0
apple,1.0,0.023952954675846242,0.0,0.0,0.0,0
apple,1.0,0.044407894736842105,0.0,0.35074013157894735,0.3050986842105263,0
apple,1.0,0.006145567827810818,0.0,0.4004814500141603,0.350335126970641,0
apple,1.0,0.0049717137281059314,0.0,0.16110822895822524,0.4693853603102843,0
apple,1.0,0.025003906860446946,0.0,0.0,0.0,0
apple,1.0,0.005827702702702703,0.0,0.6494087837837837,0.5869932432432432,0
apple,1.0,0.005822968281255267,0.0,0.6472005932517613,0.5856254424107594,0
apple,1.0,0.0066569355980184005,0.0,0.40299893842887474,0.6999402866242038,0
apple,1.0,0.024868705591597158,0.0,0.0,0.0,0
apple,1.0,0.03055037313432836,0.0,0.05480410447761194,0.23367537313432835,0
apple,1.0,0.03021353930031804,0.0,0.07950931394820536,0.0068150840527033164,0
apple,1.0,0.005786195075044943,0.0,0.6081441531836616,0.37847736109369123,0
apple,1.0,0.009273934461340758,0.0,0.07704005140287,0.11921182266009853,0
apple,1.0,0.024393871783430016,0.0,0.0,0.0,0
apple,1.0,0.024404761904761905,0.0,0.0,0.0,0
apple,1.0,0.02454080096356519,0.0,0.0,0.0,0
apple,1.0,0.007863574688540768,0.0,0.697961638090539,0.392037745158505,0
apple,1.0,0.00784656962103065,0.0,0.6971316258215098,0.3920674405749033,0
apple,1.0,0.0251661918328585,0.0,0.0,0.0,0
apple,1.0,0.005157414115098064,0.0,0.16891860457388194,0.47529957531087375,0
apple,1.0,0.005172932330827068,0.0,0.16993149540517963,0.47419883040935673,0
apple,1.0,0.02632034632034632,0.0,0.0,0.0,0
apple,1.0,0.024390243902439025,0.0,0.0,0.0,0
apple,1.0,0.024099883855981417,0.0,0.0,0.0,0
apple,1.0,0.024250440917107582,0.0,0.0,0.0,0
apple,1.0,0.02454819277108434,0.0,0.0,0.0,0
apple,1.0,0.025657894736842105,0.0,0.0,0.0,0
apple,1.0,0.006768208886852954,0.0,0.7576042143838754,0.07787448465414568,0
apple,1.0,0.010078700177710079,0.0,0.6113734450368113,0.21706016755521707,0
apple,1.0,0.025003906860446946,0.0,0.0,0.0,0
apple,1.0,0.007221063607924922,0.0,0.3398722627737226,0.4208029197080292,0
apple,1.0,0.026500526500526502,0.0,0.0,0.0,0
apple,1.0,0.06036036036036036,0.0,0.0,0.0,0
apple,1.0,0.02564102564102564,0.0,0.0,0.0,0
apple,1.0,0.02667140825035562,0.0,0.0,0.0,0
apple,1.0,0.026144907723855092,0.0,0.0,0.0,0
apple,1.0,0.026144907723855092,0.0,0.0,0.0,0
apple,1.0,0.02361111111111111,0.0,0.0,0.0,0
apple,1.0,0.006793540945790081,0.0,0.28011534025374857,0.5261707035755478,0
apple,1.0,0.02631578947368421,0.0,0.0,0.0,0
apple,1.0,0.0063898415809243835,0.0,0.6743120202515107,0.5406867548587294,0
apple,1.0,0.004598865050735186,0.0,0.679419024112398,0.5126205092504694,0
apple,1.0,0.004608441393338419,0.0,0.6825366556487837,0.5149906771760319,0
apple,1.0,0.024250440917107582,0.0,0.0,0.0,0
apple,1.0,0.02667140825035562,0.0,0.0,0.0,0
apple,1.0,0.026491228070175437,0.0,0.0,0.0,0
apple,1.0,0.026500526500526502,0.0,0.0,0.0,0
apple,1.0,0.03621794871794872,0.0,0.09935897435897435,0.0,0
apple,1.0,0.02564102564102564,0.0,0.0,0.0,0
apple,1.0,0.004854626329277992,0.0,0.6883141367425692,0.5153445076148113,0
apple,1.0,0.024695121951219513,0.0,0.0,0.0,0
apple,1.0,0.025833333333333333,0.0,0.0,0.0,0
apple,1.0,0.035326086956521736,0.0,0.0,0.07246376811594203,0
apple,1.0,0.007067490791034526,0.0,0.11336704751201848,0.24277954673159768,0
apple,1.0,0.024393871783430016,0.0,0.0,0.0,0
apple,1.0,0.024393871783430016,0.0,0.0,0.0,0
apple,1.0,0.01801948051948052,0.0,0.5193993506493506,0.30438311688311687,0
apple,1.0,0.02632034632034632,0.0,0.0,0.0,0
apple,1.0,0.009280792420327304,0.0,0.6623385012919897,0.09911714039621017,0
apple,1.0,0.009280792420327304,0.0,0.664448751076658,0.09911714039621017,0
apple,1.0,0.026334026334026334,0.0,0.0,0.0,0
apple,1.0,0.026144907723855092,0.0,0.0,0.0,0
apple,1.0,0.026500526500526502,0.0,0.0,0.0,0
apple,1.0,0.02424331472230385,0.0,0.0,0.0,0
apple,1.0,0.02651914295749912,0.0,0.0,0.0,0
apple,1.0,0.025807525807525808,0.0,0.0,0.0,0
apple,1.0,0.0050381505234606706,0.0,0.28527972825673653,0.38773479682628204,0
apple,1.0,0.02442293373045421,0.0,0.0,0.0,0
apple,1.0,0.00539922413293961,0.0,0.5700958253720109,0.5554035666724567,0
apple,1.0,0.005458579881656805,0.0,0.5825813609467455,0.5675961538461538,0
apple,1.0,0.02532051282051282,0.0,0.0,0.0,0
apple,1.0,0.02532051282051282,0.0,0.0,0.0,0
apple,1.0,0.02668564312399929,0.0,0.0,0.0,0
apple,1.0,0.026875901875901876,0.0,0.0,0.0,0
apple,1.0,0.025478740668614087,0.0,0.0,0.0,0
apple,1.0,0.007717472118959108,0.0,0.6535018587360595,0.6079553903345725,0
apple,1.0,0.007735961768219833,0.0,0.6561081242532856,0.6105884109916367,0
apple,1.0,0.025158227848101265,0.0,0.0,0.0,0
apple,1.0,0.004951587204314254,0.0,0.5413592352003922,0.46874616987375906,0
apple,1.0,0.007875968992248062,0.0,0.36108527131782947,0.5978449612403101,0
apple,1.0,0.007875968992248062,0.0,0.36108527131782947,0.5978449612403101,0
apple,1.0,0.025807525807525808,0.0,0.0,0.0,0
apple,1.0,0.013333925952264545,0.0,0.5064225076670075,0.3610827147873239,0
apple,1.0,0.02548701298701299,0.0,0.0,0.0,0
apple,1.0,0.006060828680575963,0.0,0.5262727740229209,0.6734498971495739,0
apple,1.0,0.025807525807525808,0.0,0.0,0.0,0
apple,1.0,0.013423423423423423,0.0,0.47765765765765766,0.31972972972972974,0
apple,1.0,0.025478740668614087,0.0,0.0,0.0,0
apple,1.0,0.025478740668614087,0.0,0.0,0.0,0
apple,1.0,0.024099883855981417,0.0,0.0,0.0,0
apple,1.0,0.023959827833572454,0.0,0.0,0.0,0
apple,1.0,0.024706420619185602,0.0,0.0,0.0,0
apple,1.0,0.023952954675846242,0.0,0.0,0.0,0
apple,1.0,0.005424888419074465,0.0,0.5703620507399577,0.4730003523608175,0
apple,1.0,0.010519938312403613,0.0,0.5784589116545494,0.4708636263494162,0
apple,1.0,0.024706420619185602,0.0,0.0,0.0,0
apple,1.0,0.0259915611814346,0.0,0.0,0.0,0
apple,1.0,0.02973898160034232,0.0,0.0,0.0,0
apple,1.0,0.005738892731284788,0.0,0.10706287257517373,0.5393653459803049,0
apple,1.0,0.004683866438506428,0.0,0.46924224474573295,0.4908845596946163,0
apple,1.0,0.004672897196261682,0.0,0.4670495239758931,0.48859070661193116,0
apple,1.0,0.1388888888888889,0.0,0.09876543209876543,0.0,0
apple,1.0,0.03306010928961749,0.0,0.004918032786885246,0.0,0
apple,1.0,0.03278688524590164,0.0,0.008868583714055361,0.0,0
apple,1.0,0.02411038489469862,0.0,0.0,0.0,0
apple,1.0,0.02454080096356519,0.0,0.0,0.0,0
apple,1.0,0.11363636363636363,0.0,0.0,0.0,0
apple,1.0,0.08928571428571429,0.0,0.0,0.0,0
apple,1.0,0.07179487179487179,0.0,0.0,0.0,0
apple,1.0,0.03216675244467319,0.0,0.6654657745753989,0.0,0
apple,1.0,0.004757379311905328,0.0,0.497064114312867,0.6174750251728156,0
apple,1.0,0.024390243902439025,0.0,0.0,0.0,0
apple,1.0,0.008803498181255321,0.0,0.6079831282408482,0.3291153935453912,0
apple,1.0,0.0053788316946211685,0.0,0.42085743204164255,0.46219635627530364,0
apple,1.0,0.026144907723855092,0.0,0.0,0.0,0
apple,1.0,0.005817099567099567,0.0,0.27183948863636365,0.26943824404761907,0
apple,1.0,0.026500526500526502,0.0,0.0,0.0,0
apple,1.0,0.025478740668614087,0.0,0.0,0.0,0
apple,1.0,0.007692307692307693,0.0,0.13596153846153847,0.26331360946745563,0
apple,1.0,0.00919661733615222,0.0,0.21088794926004228,0.27389006342494715,0
apple,1.0,0.025978407557354925,0.0,0.0,0.0,0
apple,1.0,0.006912662090007628,0.0,0.581998474446987,0.42995566361556065,0
apple,1.0,0.006988672273810103,0.0,0.5886892897078128,0.4374058048519617,0
apple,1.0,0.023669467787114845,0.0,0.0,0.0,0
apple,1.0,0.02426470588235294,0.0,0.0,0.0,0
apple,1.0,0.025478740668614087,0.0,0.0,0.0,0
apple,1.0,0.025478740668614087,0.0,0.0,0.0,0
apple,1.0,0.02532051282051282,0.0,0.0,0.0,0
apple,1.0,0.0494047619047619,0.0,0.0,0.2642857142857143,0
apple,1.0,0.005315848843767626,0.0,0.1293358714043993,0.4113155668358714,0
apple,1.0,0.024404761904761905,0.0,0.0,0.0,0
apple,1.0,0.02532051282051282,0.0,0.0,0.0,0
apple,1.0,0.023676099747828524,0.0,0.0,0.0,0
apple,1.0,0.007635367488488663,0.0,0.010622486448679839,0.29027510637057763,0
apple,1.0,0.024706420619185602,0.0,0.0,0.0,0
apple,1.0,0.02548701298701299,0.0,0.0,0.0,0
apple,1.0,0.026334026334026334,0.0,0.0,0.0,0
apple,1.0,0.015756302521008403,0.0,0.550852694018784,0.4990113692535838,0
apple,1.0,0.015881983678593847,0.0,0.559322033898305,0.5069679849340867,0
apple,1.0,0.02532051282051282,0.0,0.0,0.0,0
apple,1.0,0.02484567901234568,0.0,0.0,0.0,0
apple,1.0,0.008301098825865197,0.0,0.0014719474206688803,0.17778044021497277,0
apple,1.0,0.008306785873325798,0.0,0.0014729558455794198,0.17754256157297982,0
apple,1.0,0.02564102564102564,0.0,0.0,0.0,0
apple,1.0,0.02564102564102564,0.0,0.0,0.0,0
apple,1.0,0.011569751933849027,0.0,0.5256401707121899,0.5477794078420912,0
apple,1.0,0.02532051282051282,0.0,0.0,0.0,0
apple,1.0,0.02532051282051282,0.0,0.0,0.0,0
apple,1.0,0.025978407557354925,0.0,0.0,0.0,0
apple,1.0,0.025807525807525808,0.0,0.0,0.0,0
apple,1.0,0.026491228070175437,0.0,0.0,0.0,0
apple,1.0,0.024096385542168676,0.0,0.0,0.0,0
apple,1.0,0.02564102564102564,0.0,0.0,0.0,0
apple,1.0,0.026334026334026334,0.0,0.0,0.0,0
apple,1.0,0.006739330328107829,0.0,0.06005965596896096,0.6978290609791653,0
apple,1.0,0.005675905022655587,0.0,0.23488159853979537,0.24307923851609908,0
apple,1.0,0.005773576128131853,0.0,0.2381787067189473,0.2522429720210009,0
apple,1.0,0.023952954675846242,0.0,0.0,0.0,0
apple,1.0,0.005737442152938178,0.0,0.57913642453784,0.08670277912491678,0
apple,1.0,0.026144907723855092,0.0,0.0,0.0,0
apple,1.0,0.025015634771732333,0.0,0.0,0.0,0
apple,1.0,0.005417968005395973,0.0,0.33628792211029485,0.3600052786697752,0
apple,1.0,0.022857889237199582,0.0,0.1042319749216301,0.2216562173458725,0
apple,1.0,0.02632034632034632,0.0,0.0,0.0,0
apple,1.0,0.02632034632034632,0.0,0.0,0.0,0
apple,1.0,0.02424331472230385,0.0,0.0,0.0,0
apple,1.0,0.027031963470319633,0.0,0.0,0.0,0
apple,1.0,0.025503573749187783,0.0,0.0,0.0,0
apple,1.0,0.025657894736842105,0.0,0.0,0.0,0
apple,1.0,0.02314071696094168,0.0,0.0,0.0,0
apple,1.0,0.012092074592074592,0.0,0.5466928904428905,0.36276223776223776,0
apple,1.0,0.005646702771583307,0.0,0.10140968461293405,0.30091589678241476,0
apple,1.0,0.0056542294914387935,0.0,0.10168828264758498,0.3017425888065423,0
apple,1.0,0.006321781683811045,0.0,0.7494157595126336,0.6212923199840208,0
apple,1.0,0.004827613951804321,0.0,0.5789401088512003,0.1357364122782315,0
apple,1.0,0.024868705591597158,0.0,0.0,0.0,0
apple,1.0,0.005974461406762733,0.0,0.0,0.2027393351405336,0
apple,1.0,0.006749423416090083,0.0,0.6403246958802514,0.19581241803464025,0
apple,1.0,0.02424331472230385,0.0,0.0,0.0,0
apple,1.0,0.02454080096356519,0.0,0.0,0.0,0
apple,1.0,0.026153846153846153,0.0,0.0,0.0,0
apple,1.0,0.006997198673957454,0.0,0.11312953380552192,0.24288353089410009,0
apple,1.0,0.010586752555664472,0.0,0.3352471642627083,0.4648648648648649,0
apple,1.0,0.025978407557354925,0.0,0.0,0.0,0
apple,1.0,0.025978407557354925,0.0,0.0,0.0,0
apple,1.0,0.03666666666666667,0.0,0.012,0.0,0
apple,1.0,0.06256109481915934,0.0,0.01466275659824047,0.0,0
apple,1.0,0.1065891472868217,0.0,0.23837209302325582,0.0,0
apple,1.0,0.0803030303030303,0.0,0.0,0.0,0
apple,1.0,0.14814814814814814,0.0,0.0,0.0,0
apple,1.0,0.08204334365325078,0.0,0.0,0.0,0
apple,1.0,0.025015634771732333,0.0,0.0,0.0,0
apple,1.0,0.025645240835114252,0.0,0.0,0.0,0
apple,1.0,0.02651914295749912,0.0,0.0,0.0,0
apple,1.0,0.025807525807525808,0.0,0.0,0.0,0
apple,1.0,0.024706420619185602,0.0,0.0,0.0,0
apple,1.0,0.024393871783430016,0.0,0.0,0.0,0
apple,1.0,0.008832131019691948,0.0,0.10079937609670502,0.24170403587443945,0
apple,1.0,0.008851117159809662,0.0,0.10123954804472556,0.24275951201362916,0
apple,1.0,0.023431077007399288,0.0,0.0,0.0,0
apple,1.0,0.025,0.0,0.0,0.0,0
apple,1.0,0.025158227848101265,0.0,0.0,0.0,0
apple,1.0,0.023859649122807018,0.0,0.0,0.0,0
apple,1.0,0.024569288389513107,0.0,0.0,0.0,0
apple,1.0,0.02632034632034632,0.0,0.0,0.0,0
apple,1.0,0.025332691999358666,0.0,0.0,0.0,0
apple,1.0,0.02456298975286317,0.0,0.0,0.0,0
apple,1.0,0.006504219810901707,0.0,0.007307993315988747,0.21316919432282083,0
apple,1.0,0.023952954675846242,0.0,0.0,0.0,0
apple,1.0,0.025978407557354925,0.0,0.0,0.0,0
apple,1.0,0.026153846153846153,0.0,0.0,0.0,0
apple,1.0,0.011986792994544932,0.0,0.046368073499856444,0.28265862761986793,0
apple,1.0,0.007692762885377833,0.0,0.5491893011420794,0.3503609681046216,0
apple,1.0,0.0251661918328585,0.0,0.0,0.0,0
apple,1.0,0.026334026334026334,0.0,0.0,0.0,0
apple,1.0,0.025158227848101265,0.0,0.0,0.0,0
apple,1.0,0.02531645569620253,0.0,0.0,0.0,0
apple,1.0,0.025206087507926443,0.0,0.0,0.0,0
apple,1.0,0.025353016688061617,0.0,0.0,0.0,0
apple,1.0,0.02424331472230385,0.0,0.0,0.0,0
apple,1.0,0.024390243902439025,0.0,0.0,0.0,0
apple,1.0,0.006144755720003021,0.0,0.7477535301668806,0.42567771652948727,0
apple,1.0,0.02667140825035562,0.0,0.0,0.0,0
apple,1.0,0.02667140825035562,0.0,0.0,0.0,0
apple,1.0,0.02668564312399929,0.0,0.0,0.0,0
apple,1.0,0.030117753623188404,0.0,0.0,0.0,0
apple,1.0,0.02424331472230385,0.0,0.0,0.0,0
apple,1.0,0.006375893437296946,0.0,0.37852298570500326,0.47260802469135804,0
apple,1.0,0.024404761904761905,0.0,0.0,0.0,0
apple,1.0,0.005993396497272466,0.0,0.0,0.20258218489807636,0
apple,1.0,0.006703346058836739,0.0,0.040736582079496965,0.06313721086907703,0
apple,1.0,0.023529411764705882,0.0,0.0,0.0,0
apple,1.0,0.023952954675846242,0.0,0.0,0.0,0
apple,1.0,0.023952954675846242,0.0,0.0,0.0,0
apple,1.0,0.0061262782625011725,0.0,0.17366544704006004,0.2936485599024299,0
apple,1.0,0.014285714285714285,0.0,0.4865816326530612,0.35112244897959183,0
apple,1.0,0.00641025641025641,0.0,0.20757314266929652,0.2966798159105851,0
apple,1.0,0.012461180124223602,0.0,0.6654891304347826,0.8269409937888199,0
apple,1.0,0.007708468958986803,0.0,0.27259276794697285,0.3899212878025685,0
apple,1.0,0.0251661918328585,0.0,0.0,0.0,0
apple,1.0,0.025158227848101265,0.0,0.0,0.0,0
apple,1.0,0.025816122584943372,0.0,0.0,0.0,0
apple,1.0,0.02454819277108434,0.0,0.0,0.0,0
apple,1.0,0.023809523809523808,0.0,0.0,0.0,0
apple,1.0,0.009928553830992856,0.0,0.7027346637102735,0.07324464153732446,0
apple,1.0,0.0251661918328585,0.0,0.0,0.0,0
apple,1.0,0.024286134824845453,0.0,0.0,0.0,0
apple,1.0,0.024286134824845453,0.0,0.0,0.0,0
apple,1.0,0.02531645569620253,0.0,0.0,0.0,0
apple,1.0,0.02531645569620253,0.0,0.0,0.0,0
apple,1.0,0.02454080096356519,0.0,0.0,0.0,0
apple,1.0,0.025003906860446946,0.0,0.0,0.0,0
apple,1.0,0.027031963470319633,0.0,0.0,0.0,0
apple,1.0,0.024390243902439025,0.0,0.0,0.0,0
apple,1.0,0.008558694532734343,0.0,0.6214642115169488,0.020402365182804482,0
apple,1.0,0.025657894736842105,0.0,0.0,0.0,0
apple,1.0,0.007905261842269716,0.0,0.5491344831896013,0.018778902637170355,0
apple,1.0,0.025645240835114252,0.0,0.0,0.0,0
apple,1.0,0.004848833928907279,0.0,0.2669385931916494,0.3020147639646417,0
apple,1.0,0.02564102564102564,0.0,0.0,0.0,0
apple,1.0,0.025974025974025976,0.0,0.0,0.0,0
apple,1.0,0.026144907723855092,0.0,0.0,0.0,0
apple,1.0,0.02368937482478273,0.0,0.0,0.0,0
apple,1.0,0.030844155844155844,0.0,0.0,0.0,0
apple,1.0,0.026709401709401708,0.0,0.0,0.0,0
apple,1.0,0.006204906204906205,0.0,0.22231842231842233,0.5042616642616643,0
apple,1.0,0.025978407557354925,0.0,0.0,0.0,0
apple,1.0,0.015104879160966712,0.0,0.6543547651618787,0.5101459188326494,0
apple,1.0,0.013812544045102185,0.0,0.5455015268968757,0.427061310782241,0
apple,1.0,0.005756360985952822,0.0,0.011065465147097801,0.07895739464617016,0
apple,1.0,0.026144907723855092,0.0,0.0,0.0,0
apple,1.0,0.02632034632034632,0.0,0.0,0.0,0
apple,1.0,0.025003906860446946,0.0,0.0,0.0,0
apple,1.0,0.02532051282051282,0.0,0.0,0.0,0
apple,1.0,0.0251661918328585,0.0,0.0,0.0,0
apple,1.0,0.007182462927143778,0.0,0.6047582205029014,0.4293230174081238,0
apple,1.0,0.006464798131464798,0.0,0.21749874874874875,0.6803053053053053,0
apple,1.0,0.02531645569620253,0.0,0.0,0.0,0
apple,1.0,0.025645240835114252,0.0,0.0,0.0,0
apple,1.0,0.025478740668614087,0.0,0.0,0.0,0
apple,1.0,0.02411038489469862,0.0,0.0,0.0,0
apple,1.0,0.025645240835114252,0.0,0.0,0.0,0
apple,1.0,0.02532051282051282,0.0,0.0,0.0,0
apple,1.0,0.024853349799320777,0.0,0.0,0.0,0
apple,1.0,0.025015634771732333,0.0,0.0,0.0,0
apple,1.0,0.024853349799320777,0.0,0.0,0.0,0
apple,1.0,0.025816122584943372,0.0,0.0,0.0,0
apple,1.0,0.026500526500526502,0.0,0.0,0.0,0
apple,1.0,0.02632034632034632,0.0,0.0,0.0,0
apple,1.0,0.006923518438800401,0.0,0.33766202707227244,0.544817525230784,0
apple,1.0,0.0251661918328585,0.0,0.0,0.0,0
apple,1.0,0.006108593065114804,0.0,0.11177326394717699,0.4975845410628019,0
apple,1.0,0.02548701298701299,0.0,0.0,0.0,0
apple,1.0,0.02454080096356519,0.0,0.0,0.0,0
apple,1.0,0.0238230289279637,0.0,0.0,0.0,0
apple,1.0,0.02424331472230385,0.0,0.0,0.0,0
apple,1.0,0.00521680216802168,0.0,0.5043766937669377,0.6793970189701897,0
apple,1.0,0.02442293373045421,0.0,0.0,0.0,0
apple,1.0,0.02456298975286317,0.0,0.0,0.0,0
apple,1.0,0.025003906860446946,0.0,0.0,0.0,0
apple,1.0,0.005511147548450274,0.0,0.6449257209658932,0.4702314530148103,0
apple,1.0,0.026356857985087568,0.0,0.0,0.0,0
apple,1.0,0.024706420619185602,0.0,0.0,0.0,0
apple,1.0,0.0251661918328585,0.0,0.0,0.0,0
apple,1.0,0.025003906860446946,0.0,0.0,0.0,0
apple,1.0,0.0054694213023499085,0.0,0.6000971345313258,0.5295401053536071,0
apple,1.0,0.024393871783430016,0.0,0.0,0.0,0
apple,1.0,0.005082125603864734,0.0,0.5585958132045089,0.48053462157809984,0
apple,1.0,0.02532051282051282,0.0,0.0,0.0,0
apple,1.0,0.02454080096356519,0.0,0.0,0.0,0
apple,1.0,0.024691358024691357,0.0,0.0,0.0,0
apple,1.0,0.02484567901234568,0.0,0.0,0.0,0
apple,1.0,0.024691358024691357,0.0,0.0,0.0,0
apple,1.0,0.025003906860446946,0.0,0.0,0.0,0
apple,1.0,0.0056659042574535535,0.0,0.7246980458248063,0.45027888126479676,0
apple,1.0,0.024099883855981417,0.0,0.0,0.0,0
apple,1.0,0.0063492703378214945,0.0,0.5807465935660727,0.4506067080545029,0
apple,1.0,0.024706420619185602,0.0,0.0,0.0,0
apple,1.0,0.026500526500526502,0.0,0.0,0.0,0
apple,1.0,0.0055717223450898225,0.0,0.024902029255422342,0.22937958328483296,0
apple,1.0,0.005464644051600573,0.0,0.023956342570473004,0.22066859770664118,0
apple,1.0,0.025816122584943372,0.0,0.0,0.0,0
apple,1.0,0.025015634771732333,0.0,0.0,0.0,0
apple,1.0,0.024695121951219513,0.0,0.0,0.0,0
apple,1.0,0.005864197530864198,0.0,0.01151406035665295,0.2845679012345679,0
apple,1.0,0.026491228070175437,0.0,0.0,0.0,0
apple,1.0,0.02631578947368421,0.0,0.0,0.0,0
apple,1.0,0.025015634771732333,0.0,0.0,0.0,0
apple,1.0,0.025158227848101265,0.0,0.0,0.0,0
apple,1.0,0.02564102564102564,0.0,0.0,0.0,0
apple,1.0,0.005230068461391593,0.0,0.25962141668712324,0.375555737391921,0
apple,1.0,0.025478740668614087,0.0,0.0,0.0,0
apple,1.0,0.02346717308735757,0.0,0.0,0.0,0
apple,1.0,0.005251116379072716,0.0,0.7842149512100998,0.5845209217707702,0
apple,1.0,0.0052649444756184575,0.0,0.7872893156264937,0.5850115343849367,0
apple,1.0,0.025657894736842105,0.0,0.0,0.0,0
apple,1.0,0.025978407557354925,0.0,0.0,0.0,0
apple,1.0,0.024695121951219513,0.0,0.0,0.0,0
apple,1.0,0.027820121951219513,0.0,0.0,0.0,0
apple,1.0,0.025645240835114252,0.0,0.0,0.0,0
apple,1.0,0.025645240835114252,0.0,0.0,0.0,0
apple,1.0,0.026856524873828405,0.0,0.0,0.0,0
apple,1.0,0.023809523809523808,0.0,0.0,0.0,0
apple,1.0,0.024853349799320777,0.0,0.0,0.0,0
apple,1.0,0.024853349799320777,0.0,0.0,0.0,0
apple,1.0,0.007566005892617066,0.0,0.12930861866758203,0.256500471981464,0
apple,1.0,0.025,0.0,0.0,0.0,0
apple,1.0,0.02484567901234568,0.0,0.0,0.0,0
apple,1.0,0.008281608998319673,0.0,0.32325708994890434,0.33637392407667777,0
apple,1.0,0.026153846153846153,0.0,0.0,0.0,0
apple,1.0,0.02442293373045421,0.0,0.0,0.0,0
apple,1.0,0.005520276546819559,0.0,0.0681773188968584,0.3610565428601885,0
apple,1.0,0.026144907723855092,0.0,0.0,0.0,0
apple,1.0,0.00568475035479293,0.0,0.32207940910850213,0.4519255579925171,0
apple,1.0,0.02411038489469862,0.0,0.0,0.0,0
apple,1.0,0.006489135693401485,0.0,0.3892324519888097,0.6731873540733262,0
apple,1.0,0.02484567901234568,0.0,0.0,0.0,0
apple,1.0,0.02484567901234568,0.0,0.0,0.0,0
apple,1.0,0.024691358024691357,0.0,0.0,0.0,0
apple,1.0,0.0069961606435492716,0.0,0.5918581266378207,0.44045340971418123,0
apple,1.0,0.02531645569620253,0.0,0.0,0.0,0
apple,1.0,0.02531645569620253,0.0,0.0,0.0,0
apple,1.0,0.025816122584943372,0.0,0.0,0.0,0
apple,1.0,0.006230771470442657,0.0,0.5731630385201433,0.44904257693838134,0
apple,1.0,0.006182513139034878,0.0,0.5647873865265169,0.4421595795508839,0
apple,1.0,0.00553429271279853,0.0,0.10633802816901408,0.09254439681567667,0
apple,1.0,0.03306010928961749,0.0,0.005737704918032787,0.0,0
apple,1.0,0.13813813813813813,0.0,0.08108108108108109,0.0,0
apple,1.0,0.006689448762619494,0.0,0.4523027785222907,0.4674461717144644,0
apple,1.0,0.009230965113318055,0.0,0.08165690518631695,0.12012987012987013,0
apple,1.0,0.012896825396825396,0.0,0.5181878306878307,0.3792989417989418,0
apple,1.0,0.013793759512937594,0.0,0.5935121765601218,0.4322678843226788,0
apple,1.0,0.026144907723855092,0.0,0.0,0.0,0
apple,1.0,0.02454080096356519,0.0,0.0,0.0,0
apple,1.0,0.02454080096356519,0.0,0.0,0.0,0
apple,1.0,0.005962732919254659,0.0,0.4213309671694765,0.3667613132209406,0
apple,1.0,0.008889064475347661,0.0,0.3910990834386852,0.38351374841972186,0
apple,1.0,0.0251661918328585,0.0,0.0,0.0,0
apple,1.0,0.026860955056179775,0.0,0.0,0.0,0
apple,1.0,0.0251661918328585,0.0,0.0,0.0,0
apple,1.0,0.006626076463167133,0.0,0.0773846744555976,0.28032472162799627,0
apple,1.0,0.011019367372958533,0.0,0.21413393236597655,0.7694129075344545,0
apple,1.0,0.026856524873828405,0.0,0.0,0.0,0
apple,1.0,0.025978407557354925,0.0,0.0,0.0,0
apple,1.0,0.0739247311827957,0.0,0.43548387096774194,0.06048387096774194,0
apple,1.0,0.07023809523809524,0.0,0.2988095238095238,0.09642857142857143,0
apple,1.0,0.07771260997067449,0.0,0.5850439882697948,0.07038123167155426,0
apple,1.0,0.07575757575757576,0.0,0.568870523415978,0.0,0
apple,1.0,0.025503573749187783,0.0,0.0,0.0,0
apple,1.0,0.006761695906432748,0.0,0.17005893640350878,0.4143937317251462,0
apple,1.0,0.005832688563339086,0.0,0.3949223300145392,0.3528181408517766,0
apple,1.0,0.006756833875477943,0.0,0.0059122296410432,0.14673286537693317,0
apple,1.0,0.006711409395973154,0.0,0.005833070582406198,0.14492590423854781,0
apple,1.0,0.025003906860446946,0.0,0.0,0.0,0
apple,1.0,0.025003906860446946,0.0,0.0,0.0,0
apple,1.0,0.025158227848101265,0.0,0.0,0.0,0
apple,1.0,0.02532051282051282,0.0,0.0,0.0,0
apple,1.0,0.02454819277108434,0.0,0.0,0.0,0
apple,1.0,0.024096385542168676,0.0,0.0,0.0,0
apple,1.0,0.02454080096356519,0.0,0.0,0.0,0
apple,1.0,0.02454819277108434,0.0,0.0,0.0,0
apple,1.0,0.006644811638354471,0.0,0.04011170347804011,0.03740741967173306,0
apple,1.0,0.025003906860446946,0.0,0.0,0.0,0
apple,1.0,0.0067972350230414745,0.0,0.22380184331797234,0.331463133640553,0
apple,1.0,0.006782345245472698,0.0,0.22293373729027519,0.33017741972503384,0
apple,1.0,0.02454819277108434,0.0,0.0,0.0,0
apple,1.0,0.04112903225806452,0.0,0.0,0.0,0
apple,1.0,0.045019157088122604,0.0,0.0,0.06417624521072797,0
apple,1.0,0.004898081534772183,0.0,0.2694064748201439,0.36349520383693046,0
apple,1.0,0.02325895875591616,0.0,0.0,0.0,0
apple,1.0,0.02325895875591616,0.0,0.0,0.0,0
apple,1.0,0.025015634771732333,0.0,0.0,0.0,0
apple,1.0,0.0251661918328585,0.0,0.0,0.0,0
apple,1.0,0.006182394985284562,0.0,0.11760883690708251,0.5091637044681421,0
apple,1.0,0.02532051282051282,0.0,0.0,0.0,0
apple,1.0,0.025003906860446946,0.0,0.0,0.0,0
apple,1.0,0.02632034632034632,0.0,0.0,0.0,0
apple,1.0,0.025003906860446946,0.0,0.0,0.0,0
apple,1.0,0.02426470588235294,0.0,0.0,0.0,0
apple,1.0,0.006182394985284562,0.0,0.41695333104001836,0.3570022550930704,0
apple,1.0,0.024706420619185602,0.0,0.0,0.0,0
apple,1.0,0.010990338164251207,0.0,0.012590579710144928,0.08348429951690821,0
apple,1.0,0.024056467876692595,0.0,0.0,0.0,0
apple,1.0,0.02353266888150609,0.0,0.0,0.0,0
apple,1.0,0.036901595744680854,0.0,0.008311170212765957,0.0,0
apple,1.0,0.04897959183673469,0.0,0.023323615160349854,0.12361516034985423,0
apple,1.0,0.05185185185185185,0.0,0.0,0.047530864197530866,0
apple,1.0,0.02454080096356519,0.0,0.0,0.0,0
apple,1.0,0.006202280900821202,0.0,0.6465373002288594,0.5118660691962997,0
apple,1.0,0.006390037258204461,0.0,0.1251263206247129,0.54400040830909,0
apple,1.0,0.025015634771732333,0.0,0.0,0.0,0
apple,1.0,0.025974025974025976,0.0,0.0,0.0,0
apple,1.0,0.026144907723855092,0.0,0.0,0.0,0
apple,1.0,0.026875901875901876,0.0,0.0,0.0,0
apple,1.0,0.026875901875901876,0.0,0.0,0.0,0
apple,1.0,0.0251661918328585,0.0,0.0,0.0,0
apple,1.0,0.025003906860446946,0.0,0.0,0.0,0
apple,1.0,0.025332691999358666,0.0,0.0,0.0,0
apple,1.0,0.02424331472230385,0.0,0.0,0.0,0
apple,1.0,0.0251661918328585,0.0,0.0,0.0,0
apple,1.0,0.024695121951219513,0.0,0.0,0.0,0
apple,1.0,0.026153846153846153,0.0,0.0,0.0,0
apple,1.0,0.006310152976421526,0.0,0.20137748449832293,0.2875498890249122,0
apple,1.0,0.00777085704018686,0.0,0.2772953225130263,0.40309636461639814,0
apple,1.0,0.012195575385759435,0.0,0.6403792526491913,0.8076222346160996,0
apple,1.0,0.0056186868686868684,0.0,0.023303345959595958,0.23295454545454544,0
apple,1.0,0.005602636534839924,0.0,0.023171688637790334,0.23163841807909605,0
apple,1.0,0.02424331472230385,0.0,0.0,0.0,0
apple,1.0,0.02424331472230385,0.0,0.0,0.0,0
apple,1.0,0.02484567901234568,0.0,0.0,0.0,0
apple,1.0,0.02484567901234568,0.0,0.0,0.0,0
orange,1.0,0.007045398164227239,0.0,0.10486231704291739,0.5904242123542546,1
orange,1.0,0.02243107769423559,0.0,0.0,0.0057644110275689225,1
orange,1.0,0.017379679144385027,0.0,0.2622549019607843,0.46895424836601307,1
orange,1.0,0.017379679144385027,0.0,0.2622549019607843,0.46895424836601307,1
orange,1.0,0.02325895875591616,0.0,0.004056795131845842,0.0,1
orange,1.0,0.023392612859097127,0.0,0.0,0.0,1
orange,1.0,0.021567717996289426,0.0,0.0,0.002898886827458256,1
orange,1.0,0.0156315255653004,0.0,0.0,0.0,1
orange,1.0,0.021803531224078684,0.0,0.0,0.0,1
orange,1.0,0.022727272727272728,0.0,0.0,0.0,1
orange,1.0,0.022857889237199582,0.0,0.0,0.0,1
orange,1.0,0.02299154334038055,0.0,0.0,0.0,1
orange,1.0,0.03018018018018018,0.0,0.0,0.3475225225225225,1
orange,1.0,0.022464859437751002,0.0,0.0,0.0,1
orange,1.0,0.054086538461538464,0.0,0.0,0.02283653846153846,1
orange,1.0,0.02538152610441767,0.0,0.0,0.03791164658634538,1
orange,1.0,0.02176227084565346,0.0,0.0,0.0,1
orange,1.0,0.02224694104560623,0.0,0.0,0.0,1
orange,1.0,0.018042071197411004,0.0,0.0,0.0,1
orange,1.0,0.017946241751166908,0.0,0.0,0.0,1
orange,1.0,0.022403003754693368,0.0,0.0,0.0,1
orange,1.0,0.02094757622285589,0.0,0.0,0.0,1
orange,1.0,0.021622253389434316,0.0,0.0,0.0,1
orange,1.0,0.019156049516580825,0.0,0.0196078431372549,0.16418180175295924,1
orange,1.0,0.021390986044383435,0.0,0.0,0.0,1
orange,1.0,0.02353266888150609,0.0,0.0,0.0,1
orange,1.0,0.022464859437751002,0.0,0.0,0.0,1
orange,1.0,0.01976094081357239,0.0,0.3219587430113746,0.6483516483516484,1
orange,1.0,0.02098901098901099,0.0,0.0,0.0,1
orange,1.0,0.02275371687136393,0.0,0.0,0.0,1
orange,1.0,0.022727272727272728,0.0,0.0,0.0,1
orange,1.0,0.02340736800106397,0.0,0.09030456177683202,0.5886421066631201,1
orange,1.0,0.021405677655677656,0.0,0.0,0.0,1
orange,1.0,0.016576819407008087,0.0,0.4360512129380054,0.6962264150943396,1
orange,1.0,0.02243107769423559,0.0,0.0,0.0,1
orange,1.0,0.018723037100949094,0.0,0.011044003451251078,0.05806729939603106,1
orange,1.0,0.02353266888150609,0.0,0.0,0.0,1
orange,1.0,0.02221404025527737,0.0,0.0,0.0,1
orange,1.0,0.021803531224078684,0.0,0.0,0.0,1
orange,1.0,0.025158227848101265,0.0,0.0,0.008227848101265823,1
orange,1.0,0.024269005847953218,0.0,0.0,0.0,1
orange,1.0,0.027526395173453996,0.0,0.0,0.03506787330316742,1
orange,1.0,0.02564935064935065,0.0,0.0,0.0,1
orange,1.0,0.025396825396825397,0.0,0.0,0.003968253968253968,1
orange,1.0,0.025448143405889884,0.0,0.0,0.004001280409731114,1
orange,1.0,0.017633587786259543,0.0,0.01603053435114504,0.23763358778625954,1
orange,1.0,0.029631255487269536,0.0,0.0,0.0660667251975417,1
orange,1.0,0.029644268774703556,0.0,0.0,0.11242863416776461,1
orange,1.0,0.029418126757516764,0.0,0.0,0.06900281202682242,1
orange,1.0,0.02900988017658188,0.0,0.0,0.0,1
orange,1.0,0.024934585193166076,0.0,0.0,0.022010158534708328,1
orange,1.0,0.0264301860545992,0.0,0.0,0.0,1
orange,1.0,0.02439384979302188,0.0,0.0,0.0,1
orange,1.0,0.02668564312399929,0.0,0.0,0.03344600604874577,1
orange,1.0,0.021363636363636362,0.0,0.0,0.007613636363636363,1
orange,1.0,0.02116461366181411,0.0,0.0,0.0,1
orange,1.0,0.026754075124025514,0.0,0.0,0.08770375620127568,1
orange,1.0,0.025603392041748205,0.0,0.0,0.004076973255055447,1
orange,1.0,0.02468764112599729,0.0,0.003763359927743489,0.02589191630287521,1
orange,1.0,0.028068137824235385,0.0,0.0,0.0,1
orange,1.0,0.014514462809917356,0.0,0.30702479338842975,0.6306301652892562,1
orange,1.0,0.026973565905412694,0.0,0.0,0.0,1
orange,1.0,0.0186786579038395,0.0,0.01703562781044621,0.20183327568315462,1
orange,1.0,0.025678061306371368,0.0,0.03787514042689777,0.24265767934520943,1
orange,1.0,0.025342039800995024,0.0,0.009328358208955223,0.29912935323383083,1
orange,1.0,0.029292929292929294,0.0,0.03616161616161616,0.25535353535353533,1
orange,1.0,0.05644355644355644,0.0,0.05744255744255744,0.16583416583416583,1
orange,1.0,0.021440036688832837,0.0,0.0020637468470534283,0.0,1
orange,1.0,0.021405677655677656,0.0,0.0,0.0,1
orange,1.0,0.019246784491533265,0.0,0.0,0.0,1
orange,1.0,0.020517676767676768,0.0,0.0,0.0,1
orange,1.0,0.020125404530744337,0.0,0.0,0.0,1
orange,1.0,0.024099883855981417,0.0,0.0,0.0,1
orange,1.0,0.027637721755368813,0.0,0.24519140989729224,0.5456582633053221,1
orange,1.0,0.0317780580075662,0.0,0.07414880201765447,0.4224464060529634,1
orange,1.0,0.029587058322690506,0.0,0.09195402298850575,0.32375478927203066,1
orange,1.0,0.017021584818194987,0.0,0.0,0.0,1
orange,1.0,0.016865079365079364,0.0,0.0,0.0,1
orange,1.0,0.01837336704593342,0.0,0.0,0.0,1
orange,1.0,0.01630151278038602,0.0,0.011606677099634847,0.08952790818988002,1
orange,1.0,0.0223574711215998,0.0,0.0,0.0,1
orange,1.0,0.022605363984674328,0.0,0.002554278416347382,0.0,1
orange,1.0,0.01918859649122807,0.0,0.0,0.01251827485380117,1
orange,1.0,0.020578303081468973,0.0,0.010341916420430562,0.011924862811312791,1
orange,1.0,0.021440036688832837,0.0,0.0,0.0,1
orange,1.0,0.023026315789473683,0.0,0.0,0.011973684210526315,1
orange,1.0,0.021527777777777778,0.0,0.0,0.0,1
orange,1.0,0.022634271099744245,0.0,0.0038363171355498722,0.0,1
orange,1.0,0.014118105252908816,0.0,0.04250036512341172,0.40046735796699284,1
orange,1.0,0.021169354838709676,0.0,0.0,0.0,1
orange,1.0,0.022366965712178936,0.0,0.037360206464298884,0.2713530785301708,1
orange,1.0,0.025603864734299518,0.0,0.030595813204508857,0.2927536231884058,1
orange,1.0,0.02594183740912095,0.0,0.03089887640449438,0.23017184401850627,1
orange,1.0,0.023856578204404292,0.0,0.0,0.12987012987012986,1
orange,1.0,0.02159526297457332,0.0,0.0,0.0,1
orange,1.0,0.02176227084565346,0.0,0.0,0.0,1
orange,1.0,0.022695750851090657,0.0,0.2646576724246627,0.5996721724877064,1
orange,1.0,0.02531645569620253,0.0,0.0,0.0,1
orange,1.0,0.02564102564102564,0.0,0.0,0.0,1
orange,1.0,0.02454819277108434,0.0,0.0,0.0,1
orange,1.0,0.030364372469635626,0.0,0.09266756635177688,0.5089968511021142,1
orange,1.0,0.01786843769765971,0.0,0.0,0.0011859582542694497,1
orange,1.0,0.016609706083390293,0.0,0.0,0.0,1
orange,1.0,0.021622253389434316,0.0,0.0,0.0,1
orange,1.0,0.022517394054395953,0.0,0.0,0.0,1
orange,1.0,0.031656035908339236,0.0,0.0,0.0,1
orange,1.0,0.02224694104560623,0.0,0.0,0.0,1
orange,1.0,0.021780303030303032,0.0,0.0,0.0,1
orange,1.0,0.021980676328502414,0.0,0.0,0.0,1
orange,1.0,0.022462149416728718,0.0,0.39414246711342765,0.5987838173243981,1
orange,1.0,0.022988505747126436,0.0,0.0,0.0,1
orange,1.0,0.02105496453900709,0.0,0.0,0.0,1
orange,1.0,0.022048192771084336,0.0,0.0,0.0,1
orange,1.0,0.022149202872094438,0.0,0.0,0.0,1
orange,1.0,0.023434343434343436,0.0,0.0,0.0,1
orange,1.0,0.02221404025527737,0.0,0.0,0.0,1
orange,1.0,0.02247191011235955,0.0,0.003534907208685772,0.0,1
orange,1.0,0.02758751902587519,0.0,0.02207001522070015,0.3148782343987823,1
orange,1.0,0.028174603174603175,0.0,0.02619047619047619,0.20496031746031745,1
orange,1.0,0.025158227848101265,0.0,0.005854430379746835,0.12009493670886076,1
orange,1.0,0.028594771241830064,0.0,0.036968954248366014,0.2804330065359477,1
orange,1.0,0.022857889237199582,0.0,0.0,0.0,1
orange,1.0,0.02186571598336304,0.0,0.0,0.0,1
orange,1.0,0.02352779306549257,0.0,0.0,0.0,1
orange,1.0,0.031746031746031744,0.0,0.0,0.0,1
orange,1.0,0.01993160723009282,0.0,0.22628236443575964,0.6098680996580361,1
orange,1.0,0.019568537609774724,0.0,0.0,0.0,1
orange,1.0,0.01837336704593342,0.0,0.0,0.0,1
orange,1.0,0.023129791171028286,0.0,0.0,0.0,1
orange,1.0,0.02628900949796472,0.0,0.0,0.0,1
orange,1.0,0.02923602219376867,0.0,0.0,0.0,1
orange,1.0,0.02580128205128205,0.0,0.0,0.0,1
orange,1.0,0.030536130536130537,0.0,0.0,0.0,1
orange,1.0,0.02454819277108434,0.0,0.004518072289156626,0.05466867469879518,1
orange,1.0,0.026491228070175437,0.0,0.019473684210526317,0.17280701754385966,1
orange,1.0,0.02538152610441767,0.0,0.0,0.06538152610441766,1
orange,1.0,0.04206349206349207,0.0,0.0,0.3373015873015873,1
orange,1.0,0.02286386203292396,0.0,0.0,0.0,1
orange,1.0,0.02003968253968254,0.0,0.0,0.16130952380952382,1
orange,1.0,0.02843888664784187,0.0,0.0030254134731746672,0.025615167406212183,1
orange,1.0,0.02638888888888889,0.0,0.0,0.004340277777777778,1
orange,1.0,0.028370221327967807,0.0,0.007243460764587525,0.0579476861167002,1
orange,1.0,0.028309409888357256,0.0,0.0,0.010566188197767145,1
orange,1.0,0.017896389324960755,0.0,0.3819466248037677,0.5710361067503925,1
orange,1.0,0.021369433877825018,0.0,0.41709554710226,0.5712687402103379,1
orange,1.0,0.02368937482478273,0.0,0.0,0.0,1
orange,1.0,0.02094757622285589,0.0,0.0,0.0,1
orange,1.0,0.02221404025527737,0.0,0.001840942562592047,0.0,1
orange,1.0,0.030621785881252923,0.0,0.0,0.0,1
orange,1.0,0.032795698924731186,0.0,0.0,0.03225806451612903,1
orange,1.0,0.03269537480063796,0.0,0.0,0.0,1
orange,1.0,0.03009207275993712,0.0,0.0,0.0,1
orange,1.0,0.025503573749187783,0.0,0.0,0.008447043534762833,1
orange,1.0,0.029198635976129584,0.0,0.0,0.00639386189258312,1
orange,1.0,0.02481203007518797,0.0,0.0,0.0055639097744360905,1
orange,1.0,0.0225,0.0,0.0,0.0,1
orange,1.0,0.0225,0.0,0.0,0.0,1
orange,1.0,0.02181050656660413,0.0,0.0,0.0,1
orange,1.0,0.024509803921568627,0.0,0.0,0.0,1
orange,1.0,0.0221001221001221,0.0,0.0,0.0,1
orange,1.0,0.021652621722846443,0.0,0.0,0.0,1
orange,1.0,0.015470004723665564,0.0,0.04906707605101559,0.29788615965989607,1
orange,1.0,0.02286386203292396,0.0,0.0,0.01620067938332898,1
orange,1.0,0.0154524089306698,0.0,0.0015863689776733254,0.10017626321974148,1
orange,1.0,0.021235955056179777,0.0,0.002696629213483146,0.0,1
orange,1.0,0.020995670995670995,0.0,0.32781385281385284,0.5837662337662337,1
orange,1.0,0.02604430914933198,0.0,0.0,0.0,1
orange,1.0,0.027984344422700588,0.0,0.0,0.0,1
orange,1.0,0.02482758620689655,0.0,0.0,0.0,1
orange,1.0,0.028370221327967807,0.0,0.0,0.0,1
orange,1.0,0.024758454106280192,0.0,0.0,0.08680555555555555,1
orange,1.0,0.01894940948351842,0.0,0.004494976203067161,0.1885245901639344,1
orange,1.0,0.021980676328502414,0.0,0.002173913043478261,0.0,1
orange,1.0,0.00575187597104228,0.0,0.402127202406532,0.71053849459522,1
orange,1.0,0.02089000108802089,0.0,0.0,0.0,1
orange,1.0,0.02254305977710233,0.0,0.0,0.0,1
orange,1.0,0.01565227861055927,0.0,0.03594003973270724,0.6173017879718259,1
orange,1.0,0.014553770986017985,0.0,0.025677010239617444,0.14839648630386196,1
orange,1.0,0.02854251012145749,0.0,0.0,0.012348178137651822,1
orange,1.0,0.00935580475222419,0.0,0.31287297527706737,0.8399676481517914,1
orange,1.0,0.02094298245614035,0.0,0.0,0.0,1
orange,1.0,0.023064687168610817,0.0,0.0,0.004506892895015907,1
orange,1.0,0.025678061306371368,0.0,0.0,0.0,1
orange,1.0,0.02218137254901961,0.0,0.0,0.0,1
orange,1.0,0.02424331472230385,0.0,0.005583308845136644,0.0,1
orange,1.0,0.021637426900584796,0.0,0.0,0.0,1
orange,1.0,0.019322344322344323,0.0,0.012087912087912088,0.2957875457875458,1
orange,1.0,0.023542445644647556,0.0,0.0,0.0,1
orange,1.0,0.02094757622285589,0.0,0.009431892958982233,0.011406010089932002,1
orange,1.0,0.022857889237199582,0.0,0.0,0.0,1
orange,1.0,0.021988643228222787,0.0,0.0,0.0,1
orange,1.0,0.022266204849084613,0.0,0.0,0.005071746660069273,1
orange,1.0,0.01643799297408365,0.0,0.20507721879764035,0.5629349771326307,1
orange,1.0,0.027583600982429624,0.0,0.0,0.008312866049499339,1
orange,1.0,0.027271052146674038,0.0,0.0,0.03279896812235121,1
orange,1.0,0.026875901875901876,0.0,0.0,0.05988455988455989,1
orange,1.0,0.018121778350515465,0.0,0.0624194587628866,0.5514658505154639,1
orange,1.0,0.025332691999358666,0.0,0.0,0.01619368286034953,1
orange,1.0,0.027313266443701228,0.0,0.0,0.0,1
orange,1.0,0.025098039215686273,0.0,0.0,0.0,1
orange,1.0,0.02715098147128967,0.0,0.0,0.027701339203815813,1
orange,1.0,0.023268398268398268,0.0,0.0,0.0,1
orange,1.0,0.024444444444444446,0.0,0.0,0.0,1
orange,1.0,0.020726495726495726,0.0,0.004914529914529914,0.0,1
orange,1.0,0.037782485875706213,0.0,0.0,0.007768361581920904,1
orange,1.0,0.029551337359792925,0.0,0.0,0.01100086281276963,1
orange,1.0,0.023822791864028976,0.0,0.28378378378378377,0.5962663694622458,1
orange,1.0,0.021527777777777778,0.0,0.0,0.0,1
orange,1.0,0.02286386203292396,0.0,0.0,0.0,1
orange,1.0,0.030621785881252923,0.0,0.0,0.010285179990649837,1
orange,1.0,0.029653679653679654,0.0,0.0,0.003896103896103896,1
orange,1.0,0.03155577299412916,0.0,0.0,0.0,1
orange,1.0,0.01610857432775241,0.0,0.358701166920345,0.6163115169964485,1
orange,1.0,0.021858576206402292,0.0,0.0,0.0,1
orange,1.0,0.022044573643410854,0.0,0.0,0.0042393410852713176,1
orange,1.0,0.01443089430894309,0.0,0.42845528455284554,0.5915650406504065,1
orange,1.0,0.023676099747828524,0.0,0.0,0.014710002801905295,1
orange,1.0,0.024809741248097414,0.0,0.0,0.0,1
orange,1.0,0.027313266443701228,0.0,0.0189520624303233,0.30750650315867706,1
orange,1.0,0.02786377708978328,0.0,0.030572755417956655,0.2331656346749226,1
orange,1.0,0.027313266443701228,0.0,0.01932367149758454,0.21163136380527686,1
orange,1.0,0.04080854309687262,0.0,0.0,0.18382913806254766,1
orange,1.0,0.0251661918328585,0.0,0.020892687559354226,0.3004115226337449,1
orange,1.0,0.025158227848101265,0.0,0.015189873417721518,0.2110759493670886,1
orange,1.0,0.03245635603639046,0.0,0.0,0.18023112859601673,1
orange,1.0,0.025807525807525808,0.0,0.035464535464535464,0.23726273726273725,1
orange,1.0,0.02286386203292396,0.0,0.0,0.0,1
orange,1.0,0.022403003754693368,0.0,0.0,0.0,1
orange,1.0,0.021910919540229886,0.0,0.0,0.0,1
orange,1.0,0.02275371687136393,0.0,0.0023270846800258565,0.0,1
orange,1.0,0.02456298975286317,0.0,0.0,0.0,1
orange,1.0,0.0264301860545992,0.0,0.0,0.0,1
orange,1.0,0.03071364046973803,0.0,0.0,0.0,1
orange,1.0,0.025816122584943372,0.0,0.0,0.0,1
orange,1.0,0.02456298975286317,0.0,0.0,0.0,1
orange,1.0,0.0251821349382325,0.0,0.0,0.0,1
orange,1.0,0.03449176900966815,0.0,0.0,0.0,1
orange,1.0,0.023973585989089864,0.0,0.0,0.0,1
orange,1.0,0.02186571598336304,0.0,0.7373737373737373,0.5667260843731432,1
orange,1.0,0.022739018087855296,0.0,0.0,0.0,1
orange,1.0,0.023822791864028976,0.0,0.3165227082752856,0.622318194483143,1
orange,1.0,0.02632034632034632,0.0,0.0,0.019567099567099566,1
orange,1.0,0.023255813953488372,0.0,0.0,0.0,1
orange,1.0,0.023392612859097127,0.0,0.0,0.0,1
orange,1.0,0.022727272727272728,0.0,0.0,0.0,1
orange,1.0,0.022291021671826627,0.0,0.0,0.0,1
orange,1.0,0.028068137824235385,0.0,0.0,0.16279519938056525,1
orange,1.0,0.026013513513513515,0.0,0.0,0.013006756756756757,1
orange,1.0,0.024099883855981417,0.0,0.0,0.0,1
orange,1.0,0.024891774891774892,0.0,0.0,0.0,1
orange,1.0,0.03173076923076923,0.0,0.0,0.0,1
orange,1.0,0.0251661918328585,0.0,0.0,0.0,1
orange,1.0,0.024706420619185602,0.0,0.0,0.0,1
orange,1.0,0.022730207929742993,0.0,0.0,0.0,1
orange,1.0,0.01319316468420171,0.0,0.0,0.0,1
orange,1.0,0.030228392297357815,0.0,0.0,0.18808777429467086,1
orange,1.0,0.02089000108802089,0.0,0.0,0.0,1
orange,1.0,0.023000660938532716,0.0,0.0,0.00991407799074686,1
orange,1.0,0.03553459119496855,0.0,0.0,0.0,1
orange,1.0,0.03159203980099502,0.0,0.008955223880597015,0.0472636815920398,1
orange,1.0,0.029083245521601686,0.0,0.0,0.009483667017913594,1
orange,1.0,0.027271052146674038,0.0,0.0,0.011240095817210244,1
orange,1.0,0.022730207929742993,0.0,0.0,0.0,1
orange,1.0,0.028790389395194696,0.0,0.0,0.01056338028169014,1
orange,1.0,0.03047794966520434,0.0,0.0,0.0,1
orange,1.0,0.027526395173453996,0.0,0.0,0.012443438914027148,1
orange,1.0,0.027526395173453996,0.0,0.0,0.012443438914027148,1
orange,1.0,0.022634271099744245,0.0,0.0,0.0,1
orange,1.0,0.02210552027357108,0.0,0.007816316560820713,0.0,1
orange,1.0,0.023856578204404292,0.0,0.0,0.0,1
orange,1.0,0.024725274725274724,0.0,0.0,0.0,1
orange,1.0,0.03492239467849224,0.0,0.0,0.0,1
orange,1.0,0.03267457180500659,0.0,0.0,0.0,1
orange,1.0,0.021540916343742878,0.0,0.011739229541828128,0.1198997036699339,1
orange,1.0,0.015438596491228071,0.0,0.30087719298245613,0.6531578947368422,1
orange,1.0,0.023959827833572454,0.0,0.0,0.014203730272596844,1
orange,1.0,0.02548701298701299,0.0,0.0,0.03198051948051948,1
orange,1.0,0.0259915611814346,0.0,0.0,0.0,1
orange,1.0,0.023863636363636365,0.0,0.0,0.0,1
orange,1.0,0.01565227861055927,0.0,0.0,0.09373306844861838,1
orange,1.0,0.021910919540229886,0.0,0.0,0.0,1
orange,1.0,0.0293236301369863,0.0,0.0,0.2810359589041096,1
orange,1.0,0.023399014778325122,0.0,0.0,0.0,1
orange,1.0,0.027149321266968326,0.0,0.24796380090497738,0.5495022624434389,1
orange,1.0,0.007254090281884487,0.0,0.022287929561732044,0.4459031473815625,1
orange,1.0,0.022321428571428572,0.0,0.0,0.0,1
orange,1.0,0.028577260665441927,0.0,0.0,0.06613594611145132,1
orange,1.0,0.02667140825035562,0.0,0.0,0.03965149359886202,1
orange,1.0,0.029273504273504274,0.0,0.0,0.0,1
orange,1.0,0.02631578947368421,0.0,0.0031163434903047093,0.026835180055401663,1
orange,1.0,0.01687675070028011,0.0,0.025210084033613446,0.11512605042016806,1
orange,1.0,0.016035353535353535,0.0,0.03775252525252525,0.4847853535353535,1
orange,1.0,0.025677830940988834,0.0,0.0,0.0,1
orange,1.0,0.022857889237199582,0.0,0.0,0.0,1
orange,1.0,0.0061285976271567046,0.0,0.03632246715820203,0.6760451364197761,1
orange,1.0,0.02176227084565346,0.0,0.0,0.0,1
orange,1.0,0.0050906243007384205,0.0,0.05707839188483628,0.376842942741354,1
orange,1.0,0.011512885830548847,0.0,0.05127865815330664,0.422072981109604,1
orange,1.0,0.011687214997466644,0.0,0.027225130890052355,0.3622698868434386,1
orange,1.0,0.022605363984674328,0.0,0.0,0.0,1
orange,1.0,0.015621244893054553,0.0,0.0,0.597632780581591,1
orange,1.0,0.02970950704225352,0.0,0.0,0.0,1
orange,1.0,0.031746031746031744,0.0,0.0,0.0,1
orange,1.0,0.03030998851894374,0.0,0.0,0.0,1
orange,1.0,0.0331143951833607,0.0,0.0,0.0,1
orange,1.0,0.024099883855981417,0.0,0.0,0.0,1
orange,1.0,0.005238509904486331,0.0,0.00017141720891643755,0.3312808979519072,1
orange,1.0,0.029653679653679654,0.0,0.019264069264069265,0.1725108225108225,1
orange,1.0,0.028484848484848484,0.0,0.02585858585858586,0.06303030303030303,1
orange,1.0,0.03499245852187029,0.0,0.0,0.2114630467571644,1
orange,1.0,0.026742734890354787,0.0,0.019076484221786413,0.01390622214298449,1
orange,1.0,0.027271052146674038,0.0,0.009581721024507094,0.05472636815920398,1
orange,1.0,0.02411529680365297,0.0,0.0,0.039383561643835614,1
orange,1.0,0.025098039215686273,0.0,0.0,0.07874509803921569,1
orange,1.0,0.030536130536130537,0.0,0.0,0.0,1
orange,1.0,0.03159203980099502,0.0,0.0,0.00845771144278607,1
orange,1.0,0.031754032258064516,0.0,0.0,0.0,1
orange,1.0,0.008212966073228082,0.0,0.0008901578770574404,0.5140241854215654,1
orange,1.0,0.029211087420042643,0.0,0.0,0.08699360341151385,1
orange,1.0,0.024877899877899876,0.0,0.0,0.019230769230769232,1
orange,1.0,0.025728708679368183,0.0,0.0,0.023937469467513434,1
orange,1.0,0.0246415770609319,0.0,0.0,0.0,1
orange,1.0,0.006162205141796978,0.0,0.0028775888834197873,0.5410624361061679,1
orange,1.0,0.021749408983451537,0.0,0.0,0.0,1
orange,1.0,0.007738619896320421,0.0,0.0,0.0,1
orange,1.0,0.026687875574407917,0.0,0.0,0.03234358430540827,1
orange,1.0,0.029592052420207144,0.0,0.015007398013105052,0.007820756711054744,1
orange,1.0,0.0946843853820598,0.0,0.0,0.23588039867109634,1
orange,1.0,0.028068137824235385,0.0,0.0,0.12349980642663569,1
orange,1.0,0.025478740668614087,0.0,0.0,0.0,1
orange,1.0,0.025816122584943372,0.0,0.002498334443704197,0.00899400399733511,1
orange,1.0,0.021728917077754286,0.0,0.763683345078694,0.6230913789053324,1
orange,1.0,0.02393018018018018,0.0,0.14541103603603603,0.5986768018018018,1
orange,1.0,0.023361976369495167,0.0,0.0,0.07062298603651987,1
orange,1.0,0.025245441795231416,0.0,0.09630668536699392,0.32803490727754403,1
orange,1.0,0.02299154334038055,0.0,0.0,0.0,1
orange,1.0,0.023128342245989305,0.0,0.0,0.0,1
orange,1.0,0.02538152610441767,0.0,0.0,0.0024096385542168677,1
orange,1.0,0.0266900790166813,0.0,0.0,0.0,1
orange,1.0,0.03282051282051282,0.0,0.0,0.0,1
orange,1.0,0.028787260106165783,0.0,0.0,0.0,1
orange,1.0,0.02275371687136393,0.0,0.004395604395604396,0.004524886877828055,1
orange,1.0,0.029462365591397848,0.0,0.02989247311827957,0.23419354838709677,1
orange,1.0,0.029116045245077504,0.0,0.029116045245077504,0.29723502304147464,1
orange,1.0,0.02727272727272727,0.0,0.0,0.12782931354359925,1
orange,1.0,0.023676099747828524,0.0,0.0,0.0,1
orange,1.0,0.02857142857142857,0.0,0.0,0.0,1
orange,1.0,0.028594771241830064,0.0,0.0,0.0,1
orange,1.0,0.021464646464646464,0.0,0.0,0.0,1
orange,1.0,0.027046783625730993,0.0,0.0,0.0,1
orange,1.0,0.026334026334026334,0.0,0.0,0.0,1
orange,1.0,0.030462666055886396,0.0,0.0,0.0,1
orange,1.0,0.027046783625730993,0.0,0.0,0.0,1
orange,1.0,0.022001934235976787,0.0,0.0,0.0,1
orange,1.0,0.01406060606060606,0.0,0.36072727272727273,0.584,1
orange,1.0,0.0246415770609319,0.0,0.0,0.0,1
orange,1.0,0.0259915611814346,0.0,0.0,0.0,1
orange,1.0,0.023044424529509666,0.0,0.0,0.0,1
orange,1.0,0.029083245521601686,0.0,0.0,0.0,1
orange,1.0,0.01888276947285602,0.0,0.4954104379753475,0.7044322056123787,1
orange,1.0,0.01920289855072464,0.0,0.003532608695652174,0.1348731884057971,1
orange,1.0,0.031024531024531024,0.0,0.01924001924001924,0.29268879268879266,1
orange,1.0,0.031754032258064516,0.0,0.027721774193548387,0.20816532258064516,1
orange,1.0,0.031818181818181815,0.0,0.036616161616161616,0.2553030303030303,1
orange,1.0,0.018613387978142076,0.0,0.0022199453551912567,0.04994877049180328,1
orange,1.0,0.025893752088205813,0.0,0.0,0.005011693952555964,1
orange,1.0,0.02803921568627451,0.0,0.0,0.0,1
orange,1.0,0.03449267030755964,0.0,0.0,0.016958896234550158,1
orange,1.0,0.025859192525859193,0.0,0.0,0.010677344010677344,1
orange,1.0,0.023769338959212377,0.0,0.0,0.009142053445850914,1
orange,1.0,0.02803379416282642,0.0,0.0,0.013248847926267281,1
orange,1.0,0.021858576206402292,0.0,0.006688963210702341,0.0,1
orange,1.0,0.022044573643410854,0.0,0.0,0.0,1
orange,1.0,0.022224966045190763,0.0,0.0,0.0,1
orange,1.0,0.022727272727272728,0.0,0.0,0.0,1
orange,1.0,0.023839931885908897,0.0,0.0028380871292748686,0.0,1
orange,1.0,0.02116461366181411,0.0,0.0,0.0,1
orange,1.0,0.022739018087855296,0.0,0.0,0.0,1
orange,1.0,0.022857889237199582,0.0,0.0,0.0,1
orange,1.0,0.022857889237199582,0.0,0.0,0.0,1
orange,1.0,0.021637426900584796,0.0,0.0,0.0,1
orange,1.0,0.03393730227207363,0.0,0.0,0.0,1
orange,1.0,0.02987736900780379,0.0,0.0,0.0,1
orange,1.0,0.043420469649977846,0.0,0.0,0.0,1
orange,1.0,0.03057889822595705,0.0,0.0,0.0,1
orange,1.0,0.018721699756182514,0.0,0.0,0.0,1
orange,1.0,0.02357320099255583,0.0,0.0,0.0,1
orange,1.0,0.016986496090973704,0.0,0.007249466950959489,0.10206112295664535,1
orange,1.0,0.02094298245614035,0.0,0.0,0.0,1
orange,1.0,0.02286386203292396,0.0,0.0,0.010321400574862817,1
orange,1.0,0.0221001221001221,0.0,0.002197802197802198,0.0,1
orange,1.0,0.02169833450621628,0.0,0.005160684963640629,0.004574243490499648,1
orange,1.0,0.021567717996289426,0.0,0.0,0.012987012987012988,1
orange,1.0,0.023268398268398268,0.0,0.0,0.003246753246753247,1
orange,1.0,0.02353266888150609,0.0,0.0,0.0,1
orange,1.0,0.022857889237199582,0.0,0.006792058516196447,0.0,1
orange,1.0,0.023088023088023088,0.0,0.009445100354191263,0.11045520136429228,1
orange,1.0,0.021279003961516694,0.0,0.0,0.0,1
orange,1.0,0.02139588100686499,0.0,0.0,0.0,1
orange,1.0,0.021405677655677656,0.0,0.003205128205128205,0.0028617216117216115,1
orange,1.0,0.028258706467661692,0.0,0.0,0.013930348258706468,1
orange,1.0,0.02632034632034632,0.0,0.0,0.0,1
orange,1.0,0.03737373737373737,0.0,0.0,0.04781144781144781,1
orange,1.0,0.02218137254901961,0.0,0.0,0.0,1
orange,1.0,0.022727272727272728,0.0,0.0,0.0,1
orange,1.0,0.022721437740693195,0.0,0.0,0.0061617458279845955,1
orange,1.0,0.018613387978142076,0.0,0.013575819672131147,0.19629439890710382,1
orange,1.0,0.014926189174412248,0.0,0.29808638600328047,0.5932750136686714,1
orange,1.0,0.01840080294412847,0.0,0.0,0.0,1
orange,1.0,0.015668481548699334,0.0,0.0,0.0,1
orange,1.0,0.018386275958302552,0.0,0.0,0.0,1
orange,1.0,0.018290682414698164,0.0,0.020259186351706038,0.0975229658792651,1
orange,1.0,0.021515326778484674,0.0,0.0,0.0,1
orange,1.0,0.02139588100686499,0.0,0.0,0.02871853546910755,1
orange,1.0,0.02037264537264537,0.0,0.011056511056511056,0.34735872235872234,1
orange,1.0,0.029587058322690506,0.0,0.0,0.004682843763303533,1
orange,1.0,0.024481265860576206,0.0,0.0,0.007015972533213913,1
orange,1.0,0.028258706467661692,0.0,0.0,0.013532338308457712,1
orange,1.0,0.027304964539007093,0.0,0.0,0.0,1
orange,1.0,0.03194726166328601,0.0,0.0,0.017241379310344827,1
orange,1.0,0.023542445644647556,0.0,0.012186677745464617,0.0,1
orange,1.0,0.022044573643410854,0.0,0.0,0.0,1
orange,1.0,0.028068137824235385,0.0,0.003484320557491289,0.19318621757646148,1
orange,1.0,0.028814262023217248,0.0,0.0,0.0,1
orange,1.0,0.025,0.0,0.0,0.0,1
orange,1.0,0.013782324524012504,0.0,0.0,0.0,1
orange,1.0,0.029273504273504274,0.0,0.0,0.0,1
orange,1.0,0.021741699161054,0.0,0.0,0.0,1
orange,1.0,0.022291021671826627,0.0,0.0,0.0,1
orange,1.0,0.026263297872340427,0.0,0.0,0.3304521276595745,1
orange,1.0,0.021637426900584796,0.0,0.0,0.0,1
orange,1.0,0.021440036688832837,0.0,0.0,0.0,1
orange,1.0,0.023717595146166576,0.0,0.03612796469939327,0.10617760617760617,1
orange,1.0,0.02325895875591616,0.0,0.0,0.0,1
orange,1.0,0.023542445644647556,0.0,0.0,0.0,1
orange,1.0,0.01721132897603486,0.0,0.03907044299201162,0.24052287581699347,1
orange,1.0,0.018442971273159952,0.0,0.0,0.0,1
orange,1.0,0.019075302025615404,0.0,0.0,0.0,1
orange,1.0,0.01985062893081761,0.0,0.0,0.0,1
orange,1.0,0.01769230769230769,0.0,0.005923076923076923,0.142,1
orange,1.0,0.023000660938532716,0.0,0.0,0.0,1
orange,1.0,0.021286231884057972,0.0,0.0022644927536231885,0.0,1
orange,1.0,0.023856578204404292,0.0,0.0,0.0,1
orange,1.0,0.02286386203292396,0.0,0.0,0.0,1
orange,1.0,0.02105496453900709,0.0,0.0,0.0,1
orange,1.0,0.022727272727272728,0.0,0.0,0.0038739669421487604,1
orange,1.0,0.021279003961516694,0.0,0.0,0.0,1
orange,1.0,0.020754319426885798,0.0,0.30720606826801516,0.5596291613990729,1
orange,1.0,0.021315192743764172,0.0,0.0,0.0,1
orange,1.0,0.02150786308973173,0.0,0.0,0.004625346901017576,1
orange,1.0,0.03337041156840934,0.0,0.0,0.008342602892102336,1
orange,1.0,0.030751173708920186,0.0,0.0,0.06384976525821597,1
orange,1.0,0.021061966522558474,0.0,0.002660458929165281,0.0,1
orange,1.0,0.028814262023217248,0.0,0.028814262023217248,0.3277363184079602,1
orange,1.0,0.029211087420042643,0.0,0.014498933901918977,0.1997867803837953,1
orange,1.0,0.029083245521601686,0.0,0.034141201264488934,0.25521601685985246,1
orange,1.0,0.01711081986311344,0.0,0.011795543905635648,0.16928789864569682,1
orange,1.0,0.021874252928520202,0.0,0.0,0.008964857757590245,1
orange,1.0,0.022809278350515463,0.0,0.5193298969072165,0.7802835051546392,1
orange,1.0,0.023258904837852205,0.0,0.3083466241360978,0.5855927698032961,1
orange,1.0,0.028381642512077296,0.0,0.0,0.0,1
orange,1.0,0.03165503489531406,0.0,0.0,0.0,1
orange,1.0,0.030376940133037694,0.0,0.0,0.0,1
orange,1.0,0.046634615384615385,0.0,0.0,0.0,1
orange,1.0,0.04075867635189669,0.0,0.0,0.0,1
orange,1.0,0.027364110201042444,0.0,0.0027922561429635146,0.0189873417721519,1
orange,1.0,0.03154495777446597,0.0,0.0,0.06358668653750621,1
orange,1.0,0.029726775956284153,0.0,0.0,0.03846994535519126,1
orange,1.0,0.030555555555555555,0.0,0.0,0.003472222222222222,1
orange,1.0,0.031099324975891997,0.0,0.0,0.0,1
orange,1.0,0.03205128205128205,0.0,0.0,0.0,1
orange,1.0,0.030414746543778803,0.0,0.0,0.0,1
orange,1.0,0.021279003961516694,0.0,0.003848330503678551,0.0,1
orange,1.0,0.021652621722846443,0.0,0.0,0.0,1
orange,1.0,0.02900988017658188,0.0,0.0,0.0,1
orange,1.0,0.027984344422700588,0.0,0.0,0.0,1
orange,1.0,0.02964254577157803,0.0,0.0,0.0,1
orange,1.0,0.021420389461626575,0.0,0.0,0.0,1
orange,1.0,0.022739018087855296,0.0,0.0,0.0,1
orange,1.0,0.02456298975286317,0.0,0.0,0.0,1
orange,1.0,0.024725274725274724,0.0,0.0,0.006105006105006105,1
orange,1.0,0.024056467876692595,0.0,0.0,0.013252664938058196,1
orange,1.0,0.021803531224078684,0.0,0.0,0.0,1
orange,1.0,0.02069327731092437,0.0,0.3602941176470588,0.6228991596638656,1
orange,1.0,0.01700800793707037,0.0,0.008787470767486358,0.06937849904329955,1
orange,1.0,0.027071520029266508,0.0,0.0,0.0,1
orange,1.0,0.027598020555767034,0.0,0.0,0.0,1
orange,1.0,0.027417840375586856,0.0,0.0,0.0,1
orange,1.0,0.03393482359278212,0.0,0.0,0.0,1
orange,1.0,0.027777777777777776,0.0,0.38095238095238093,0.5676492819349962,1
orange,1.0,0.023910582908885116,0.0,0.0,0.010186757215619695,1
orange,1.0,0.029957522915269395,0.0,0.005141962888441762,0.07288173485356583,1
orange,1.0,0.03132588635259835,0.0,0.0152986886838271,0.172656629431763,1
orange,1.0,0.028717948717948718,0.0,0.0,0.06194871794871795,1
orange,1.0,0.048484848484848485,0.0,0.0,0.2777777777777778,1
orange,1.0,0.021393987163607703,0.0,0.33678639792816123,0.5489246706451976,1
orange,1.0,0.018455834945196647,0.0,0.0,0.0021760154738878143,1
orange,1.0,0.016453503863575806,0.0,0.013855582200905941,0.18898214761524115,1
orange,1.0,0.021057201780093345,0.0,0.28264408987300554,0.6237924671659612,1
orange,1.0,0.021627308861351415,0.0,0.0,0.002104278700023381,1
orange,1.0,0.025859192525859193,0.0,0.0,0.004004004004004004,1
orange,1.0,0.027650648360030512,0.0,0.0,0.0,1
orange,1.0,0.027799227799227798,0.0,0.0,0.0,1
orange,1.0,0.02638888888888889,0.0,0.003125,0.0,1
orange,1.0,0.027783137179239824,0.0,0.0,0.0,1
orange,1.0,0.025332691999358666,0.0,0.0,0.0,1
orange,1.0,0.02548701298701299,0.0,0.0,0.0,1
orange,1.0,0.029905335628227194,0.0,0.0,0.0,1
orange,1.0,0.0536986301369863,0.0,0.0,0.0,1
orange,1.0,0.021672914714151826,0.0,0.0049203373945641985,0.003514526710402999,1
orange,1.0,0.007491582491582492,0.0,0.5356060606060606,0.7396604938271605,1
orange,1.0,0.02356902356902357,0.0,0.6252338196782641,0.7453236064347175,1
orange,1.0,0.02353266888150609,0.0,0.0,0.0034606866002214838,1
orange,1.0,0.021279003961516694,0.0,0.011544991511035654,0.0144878324844369,1
orange,1.0,0.022820512820512822,0.0,0.0,0.020128205128205127,1
orange,1.0,0.022464859437751002,0.0,0.0,0.0,1
orange,1.0,0.018859649122807017,0.0,0.0,0.02543859649122807,1
orange,1.0,0.022727272727272728,0.0,0.0,0.0,1
orange,1.0,0.020835594139989148,0.0,0.005208898534997287,0.0,1
orange,1.0,0.021515326778484674,0.0,0.0,0.0,1
orange,1.0,0.023542445644647556,0.0,0.0,0.0,1
orange,1.0,0.02259959141981614,0.0,0.0,0.0,1
orange,1.0,0.022657450076804916,0.0,0.0030721966205837174,0.0,1
orange,1.0,0.023403679653679652,0.0,0.0,0.0,1
orange,1.0,0.03057471264367816,0.0,0.0,0.0,1
orange,1.0,0.02664576802507837,0.0,0.0,0.006095437129919889,1
orange,1.0,0.02431476569407604,0.0,0.0,0.0,1
orange,1.0,0.024695121951219513,0.0,0.03201219512195122,0.056402439024390245,1
orange,1.0,0.02506265664160401,0.0,0.026785714285714284,0.19329573934837094,1
orange,1.0,0.035072951739618406,0.0,0.004208754208754209,0.21352413019079686,1
orange,1.0,0.030843798193434677,0.0,0.007050011015642212,0.06190790923110817,1
orange,1.0,0.02218137254901961,0.0,0.00392156862745098,0.0,1
orange,1.0,0.02221404025527737,0.0,0.0,0.0,1
orange,1.0,0.022020568663036904,0.0,0.0,0.0,1
orange,1.0,0.029138513513513514,0.0,0.0,0.27934966216216217,1
orange,1.0,0.027313266443701228,0.0,0.0,0.0,1
orange,1.0,0.03267457180500659,0.0,0.0,0.016600790513833993,1
orange,1.0,0.03028233151183971,0.0,0.0,0.0,1
orange,1.0,0.028125,0.0,0.0,0.0,1
orange,1.0,0.023191094619666047,0.0,0.21057513914656772,0.5609594487145507,1
orange,1.0,0.021111111111111112,0.0,0.0,0.01,1
orange,1.0,0.019375573921028465,0.0,0.21120293847566574,0.5841138659320477,1
orange,1.0,0.00867683041596085,0.0,0.020214568040654995,0.587596461509505,1
orange,1.0,0.030090497737556562,0.0,0.0,0.0,1
orange,1.0,0.03233376792698826,0.0,0.0,0.0,1
orange,1.0,0.03132588635259835,0.0,0.0,0.0,1
orange,1.0,0.0339031339031339,0.0,0.0,0.0,1
orange,1.0,0.023268398268398268,0.0,0.004329004329004329,0.004734848484848485,1
orange,1.0,0.021572002294893863,0.0,0.24417670682730924,0.5831325301204819,1
orange,1.0,0.021637426900584796,0.0,0.00760233918128655,0.013801169590643274,1
orange,1.0,0.024127906976744187,0.0,0.0,0.0,1
orange,1.0,0.02426470588235294,0.0,0.0,0.005588235294117647,1
orange,1.0,0.024448419797257006,0.0,0.0,0.005217650566487776,1
orange,1.0,0.028258706467661692,0.0,0.0,0.0,1
orange,1.0,0.026013513513513515,0.0,0.0,0.0,1
orange,1.0,0.03374149659863945,0.0,0.0,0.0,1
orange,1.0,0.029469122426868905,0.0,0.0,0.07128927410617551,1
orange,1.0,0.027242401779095628,0.0,0.0,0.020385470719051148,1
orange,1.0,0.02819138376017471,0.0,0.0,0.024022235457613658,1
orange,1.0,0.02727272727272727,0.0,0.0,0.0,1
orange,1.0,0.005470622385637941,0.0,0.024026080354883367,0.5029995385325334,1
orange,1.0,0.021739130434782608,0.0,0.0,0.0,1
orange,1.0,0.021405677655677656,0.0,0.007326007326007326,0.0,1
orange,1.0,0.02095676980469607,0.0,0.0,0.0,1
orange,1.0,0.015156637367590714,0.0,0.08806626098715348,0.6784426414243858,1
orange,1.0,0.022988505747126436,0.0,0.03104769454353283,0.20927467300832342,1
orange,1.0,0.022730207929742993,0.0,0.026862973007878082,0.32881312152912306,1
orange,1.0,0.02275371687136393,0.0,0.03529411764705882,0.2673561732385262,1
orange,1.0,0.0240053050397878,0.0,0.005437665782493369,0.11458885941644563,1
orange,1.0,0.021090021090021092,0.0,0.0,0.00333000333000333,1
orange,1.0,0.023717595146166576,0.0,0.3476282404853833,0.6096249310535025,1
orange,1.0,0.025238095238095237,0.0,0.0,0.08190476190476191,1
orange,1.0,0.027242401779095628,0.0,0.0,0.0,1
orange,1.0,0.02186379928315412,0.0,0.0,0.022700119474313024,1
orange,1.0,0.025326537113730486,0.0,0.0,0.00398215992354253,1
orange,1.0,0.005945774536229586,0.0,0.02161619364727023,0.44954459771329913,1
orange,1.0,0.02275371687136393,0.0,0.011635423400129283,0.0,1
orange,1.0,0.021831988609397248,0.0,0.7267441860465116,0.6161604176554343,1
orange,1.0,0.02299154334038055,0.0,0.0,0.0,1
orange,1.0,0.008499043632032913,0.0,0.6816557797105633,0.8212494135479447,1
orange,1.0,0.01217248518597844,0.0,0.422360248447205,0.7714357107160705,1
orange,1.0,0.008921475123191861,0.0,0.5585956127801621,0.769412652996344,1
orange,1.0,0.00501971169761353,0.0,0.41883896596346565,0.5695868067049866,1
orange,1.0,0.023973585989089864,0.0,0.0,0.0,1
orange,1.0,0.021741699161054,0.0,0.0,0.0,1
orange,1.0,0.024127906976744187,0.0,0.0,0.0,1
orange,1.0,0.021858576206402292,0.0,0.0,0.0,1
orange,1.0,0.01471861471861472,0.0,0.0,0.0,1
orange,1.0,0.021515326778484674,0.0,0.0,0.0,1
orange,1.0,0.016368556530922052,0.0,0.0187446373176688,0.09319516863573361,1
orange,1.0,0.022044573643410854,0.0,0.0,0.0,1
orange,1.0,0.025195618153364633,0.0,0.0,0.0028169014084507044,1
orange,1.0,0.023314014752370917,0.0,0.0,0.0,1
orange,1.0,0.023403679653679652,0.0,0.0,0.0,1
orange,1.0,0.06547619047619048,0.0,0.0,0.16326530612244897,1
orange,1.0,0.021637426900584796,0.0,0.0,0.0,1
orange,1.0,0.022001934235976787,0.0,0.0,0.0,1
orange,1.0,0.030090497737556562,0.0,0.0,0.3230769230769231,1
orange,1.0,0.0317780580075662,0.0,0.08953341740226986,0.30693568726355613,1
orange,1.0,0.029857397504456328,0.0,0.043003565062388595,0.19050802139037434,1
orange,1.0,0.028782894736842105,0.0,0.0,0.1650904605263158,1
orange,1.0,0.01325156531434943,0.0,0.2847156702976242,0.6125310918603654,1
orange,1.0,0.01575757575757576,0.0,0.4503030303030303,0.5516969696969697,1
orange,1.0,0.020285423037716615,0.0,0.4669724770642202,0.6692150866462793,1
orange,1.0,0.027119252873563218,0.0,0.0,0.0,1
orange,1.0,0.025794938351719664,0.0,0.0,0.0,1
orange,1.0,0.02862400327131466,0.0,0.0,0.0,1
orange,1.0,0.0277569392348087,0.0,0.0,0.0,1
orange,1.0,0.021527777777777778,0.0,0.0,0.0,1
orange,1.0,0.022605363984674328,0.0,0.0,0.0,1
orange,1.0,0.024909420289855072,0.0,0.07518115942028986,0.5288345410628019,1
orange,1.0,0.02287581699346405,0.0,0.0,0.0,1
orange,1.0,0.023959827833572454,0.0,0.0,0.0,1
orange,1.0,0.022044573643410854,0.0,0.001816860465116279,0.0,1
orange,1.0,0.021622253389434316,0.0,0.0,0.0,1
orange,1.0,0.014118105252908816,0.0,0.03091378219171413,0.2059296042062217,1
orange,1.0,0.02169833450621628,0.0,0.0,0.0,1
orange,1.0,0.015422077922077922,0.0,0.11995593692022263,0.6997333024118738,1
orange,1.0,0.03128054740957967,0.0,0.0,0.07746823069403715,1
orange,1.0,0.030090497737556562,0.0,0.0,0.004524886877828055,1
orange,1.0,0.028850145288501453,0.0,0.0,0.016604400166044003,1
orange,1.0,0.03269537480063796,0.0,0.0,0.0,1
orange,1.0,0.022073984232868406,0.0,0.002183141297756216,0.0,1
orange,1.0,0.01998409226486379,0.0,0.0,0.0,1
orange,1.0,0.01892857142857143,0.0,0.0,0.0,1
orange,1.0,0.022321428571428572,0.0,0.0,0.0,1
orange,1.0,0.023458810692853247,0.0,0.0,0.0,1
orange,1.0,0.03127772848269743,0.0,0.0,0.0,1
orange,1.0,0.017767295597484276,0.0,0.0,0.0,1
orange,1.0,0.021212121212121213,0.0,0.0,0.0,1
orange,1.0,0.021672914714151826,0.0,0.0,0.0,1
orange,1.0,0.02800626713670192,0.0,0.0,0.0,1
orange,1.0,0.02564102564102564,0.0,0.0,0.0,1
orange,1.0,0.028594771241830064,0.0,0.0,0.0,1
orange,1.0,0.039084507042253525,0.0,0.0,0.0,1
orange,1.0,0.02353266888150609,0.0,0.0,0.0,1
orange,1.0,0.02424331472230385,0.0,0.0,0.0,1
orange,1.0,0.027106227106227107,0.0,0.0,0.011721611721611722,1
orange,1.0,0.028125,0.0,0.0,0.0,1
orange,1.0,0.030751173708920186,0.0,0.0,0.02910798122065728,1
orange,1.0,0.034482758620689655,0.0,0.0,0.011890606420927468,1
orange,1.0,0.022893772893772892,0.0,0.0,0.0,1
orange,1.0,0.0221001221001221,0.0,0.002197802197802198,0.0,1
orange,1.0,0.02186379928315412,0.0,0.01003584229390681,0.0,1
orange,1.0,0.012574897508672344,0.0,0.0,0.0,1
orange,1.0,0.021739130434782608,0.0,0.0,0.0,1
orange,1.0,0.021363636363636362,0.0,0.0,0.0,1
orange,1.0,0.02127659574468085,0.0,0.0022634676324128564,0.0,1
orange,1.0,0.021235955056179777,0.0,0.0,0.0,1
orange,1.0,0.021527777777777778,0.0,0.0,0.0,1
orange,1.0,0.020007884880741178,0.0,0.3300808200275971,0.6001379854129706,1
orange,1.0,0.017103191641620153,0.0,0.26771146414770286,0.6541434091884929,1
orange,1.0,0.02169833450621628,0.0,0.0,0.0,1
orange,1.0,0.022347066167290885,0.0,0.0,0.00599250936329588,1
orange,1.0,0.027364110201042444,0.0,0.0,0.0,1
orange,1.0,0.027583600982429624,0.0,0.0,0.0,1
orange,1.0,0.026905019862766343,0.0,0.0,0.0,1
orange,1.0,0.02139588100686499,0.0,0.0,0.0,1
orange,1.0,0.02774588595484118,0.0,0.0,0.0,1
orange,1.0,0.027108970929195647,0.0,0.0,0.015159621901194935,1
orange,1.0,0.028312788906009245,0.0,0.006355932203389831,0.03794298921417565,1
orange,1.0,0.022347066167290885,0.0,0.0,0.024094881398252183,1
orange,1.0,0.02353266888150609,0.0,0.015780730897009966,0.0048449612403100775,1
orange,1.0,0.022474747474747474,0.0,0.0,0.005050505050505051,1
orange,1.0,0.02275371687136393,0.0,0.0,0.0,1
orange,1.0,0.019535324798482693,0.0,0.0,0.01469890943575154,1
orange,1.0,0.021111111111111112,0.0,0.007555555555555556,0.013777777777777778,1
orange,1.0,0.021889952153110046,0.0,0.0,0.0,1
orange,1.0,0.02105496453900709,0.0,0.0,0.011414007092198582,1
orange,1.0,0.021741699161054,0.0,0.0,0.004726456339359565,1
orange,1.0,0.01577788649706458,0.0,0.33726761252446186,0.6380259295499021,1
orange,1.0,0.014957264957264958,0.0,0.0913324567170721,0.6724742493973264,1
orange,1.0,0.02094298245614035,0.0,0.021710526315789475,0.0,1
orange,1.0,0.030228392297357815,0.0,0.0,0.19570085087326466,1
orange,1.0,0.023000660938532716,0.0,0.0,0.0,1
orange,1.0,0.02117884356790677,0.0,0.0,0.0,1
orange,1.0,0.021874252928520202,0.0,0.0,0.0,1
orange,1.0,0.02702702702702703,0.0,0.0,0.0,1
orange,1.0,0.027809742999616416,0.0,0.0,0.0,1
orange,1.0,0.030330882352941176,0.0,0.0,0.0,1
orange,1.0,0.02970950704225352,0.0,0.0,0.0,1
orange,1.0,0.030864197530864196,0.0,0.0,0.0,1
orange,1.0,0.027432808155699723,0.0,0.0,0.011862835959221501,1
orange,1.0,0.02815814850530376,0.0,0.0,0.06730954676952748,1
orange,1.0,0.021831988609397248,0.0,0.0,0.0,1
orange,1.0,0.014097560975609756,0.0,0.08175609756097561,0.49360975609756097,1
orange,1.0,0.027071520029266508,0.0,0.04115602707152003,0.33418693982074266,1
orange,1.0,0.029631255487269536,0.0,0.12247585601404741,0.351404741000878,1
orange,1.0,0.02797339593114241,0.0,0.01936619718309859,0.23415492957746478,1
orange,1.0,0.02564102564102564,0.0,0.0,0.18474687705456935,1
orange,1.0,0.022517394054395953,0.0,0.0,0.0018975332068311196,1
orange,1.0,0.0136986301369863,0.0,0.0,0.0,1
orange,1.0,0.02094298245614035,0.0,0.0,0.01074561403508772,1
orange,1.0,0.023676099747828524,0.0,0.0,0.0,1
orange,1.0,0.025238095238095237,0.0,0.0,0.0,1
orange,1.0,0.024444444444444446,0.0,0.0,0.0,1
orange,1.0,0.038513513513513516,0.0,0.0,0.010135135135135136,1
orange,1.0,0.02186379928315412,0.0,0.0,0.0,1
orange,1.0,0.029206349206349208,0.0,0.0,0.07195767195767196,1
orange,1.0,0.03282051282051282,0.0,0.0,0.03230769230769231,1
orange,1.0,0.026992753623188405,0.0,0.0,0.014492753623188406,1
orange,1.0,0.023392612859097127,0.0,0.0,0.0,1
orange,1.0,0.014928698752228164,0.0,0.0,0.0,1
orange,1.0,0.017565485362095533,0.0,0.0,0.0,1
orange,1.0,0.022657450076804916,0.0,0.0,0.0,1
orange,1.0,0.02424331472230385,0.0,0.0,0.0,1
orange,1.0,0.026553280111072546,0.0,0.3672335994446373,0.47344671988892745,1
orange,1.0,0.008087336806225481,0.0,0.2606437713036208,0.5975303878062898,1
orange,1.0,0.012610837438423646,0.0,0.24441379310344827,0.6717241379310345,1
orange,1.0,0.01706167904054826,0.0,0.33202455739577386,0.642632781267847,1
orange,1.0,0.021739130434782608,0.0,0.0,0.0,1
orange,1.0,0.03030998851894374,0.0,0.0,0.0,1
orange,1.0,0.03055037313432836,0.0,0.0,0.0,1
orange,1.0,0.02923602219376867,0.0,0.0,0.0,1
orange,1.0,0.021780303030303032,0.0,0.0,0.0,1
orange,1.0,0.026856524873828405,0.0,0.0,0.0,1
orange,1.0,0.026334026334026334,0.0,0.0,0.0,1
orange,1.0,0.026547116736990155,0.0,0.0026371308016877636,0.007032348804500703,1
orange,1.0,0.008583690987124463,0.0,0.0,0.0,1
orange,1.0,0.0600942655145326,0.0,0.0,0.0,1
orange,1.0,0.023399014778325122,0.0,0.0,0.0,1
orange,1.0,0.02249747219413549,0.0,0.0,0.0,1
orange,1.0,0.01993160723009282,0.0,0.02979970688812897,0.22335124572545187,1
orange,1.0,0.022727272727272728,0.0,0.009555785123966942,0.0,1
orange,1.0,0.023558758314855877,0.0,0.0,0.0,1
orange,1.0,0.030399274047186932,0.0,0.0,0.0,1
orange,1.0,0.024922600619195046,0.0,0.0,0.0,1
orange,1.0,0.02159526297457332,0.0,0.7487518866829211,0.6174387553697899,1
orange,1.0,0.02803921568627451,0.0,0.0,0.0,1
orange,1.0,0.025578759915816738,0.0,0.0,0.0,1
orange,1.0,0.02119309262166405,0.0,0.006503700381251401,0.01749271137026239,1
orange,1.0,0.021169354838709676,0.0,0.0,0.0,1
orange,1.0,0.02169833450621628,0.0,0.0,0.0,1
orange,1.0,0.031024531024531024,0.0,0.008177008177008177,0.18686868686868688,1
orange,1.0,0.03210066769388803,0.0,0.0,0.0,1
orange,1.0,0.03252247488101533,0.0,0.018244315177154944,0.15150713907985194,1
orange,1.0,0.029083245521601686,0.0,0.004425711275026343,0.0,1
orange,1.0,0.043055555555555555,0.0,0.0,0.0,1
orange,1.0,0.023542445644647556,0.0,0.0,0.0,1
orange,1.0,0.023128342245989305,0.0,0.0,0.0,1
orange,1.0,0.022347066167290885,0.0,0.007740324594257179,0.0,1
orange,1.0,0.0055619485999232835,0.0,0.08451093210586881,0.7351515151515151,1
orange,1.0,0.01720573032048442,0.0,0.0,0.007310589277802392,1
orange,1.0,0.01725291886666171,0.0,0.0,0.0,1
orange,1.0,0.02169833450621628,0.0,0.0,0.0,1
orange,1.0,0.022730207929742993,0.0,0.0,0.0,1
orange,1.0,0.022605363984674328,0.0,0.0,0.0,1
orange,1.0,0.01594022415940224,0.0,0.01008717310087173,0.1638854296388543,1
orange,1.0,0.021405677655677656,0.0,0.0,0.0,1
orange,1.0,0.024146905725853093,0.0,0.0,0.003036437246963563,1
orange,1.0,0.02603648424543947,0.0,0.0,0.031177446102819237,1
orange,1.0,0.0222522744037374,0.0,0.0,0.0,1
orange,1.0,0.04131274131274131,0.0,0.0,0.0,1
orange,1.0,0.029487179487179487,0.0,0.008333333333333333,0.22414529914529915,1
orange,1.0,0.02722222222222222,0.0,0.0,0.0,1
orange,1.0,0.02843888664784187,0.0,0.0,0.0,1
orange,1.0,0.02604430914933198,0.0,0.0,0.0,1
orange,1.0,0.028985507246376812,0.0,0.0,0.0,1
orange,1.0,0.026515151515151516,0.0,0.2753099173553719,0.5390840220385675,1
orange,1.0,0.017308397506417307,0.0,0.4376237623762376,0.6781811514484782,1
orange,1.0,0.027809742999616416,0.0,0.0,0.3473341004986575,1
orange,1.0,0.02119309262166405,0.0,0.0,0.0,1
orange,1.0,0.026491228070175437,0.0,0.0,0.0,1
orange,1.0,0.02857142857142857,0.0,0.0,0.0,1
orange,1.0,0.027425373134328357,0.0,0.0,0.0,1
orange,1.0,0.028577260665441927,0.0,0.0,0.0,1
orange,1.0,0.023399014778325122,0.0,0.011220580186097428,0.0,1
orange,1.0,0.025206087507926443,0.0,0.0,0.0,1
orange,1.0,0.024922600619195046,0.0,0.0,0.0,1
orange,1.0,0.043298192771084335,0.0,0.0,0.0,1
orange,1.0,0.027051561365286855,0.0,0.0,0.0,1
orange,1.0,0.015258417942981701,0.0,0.03487638386967246,0.11587219640910916,1
orange,1.0,0.023669467787114845,0.0,0.0025210084033613447,0.0,1
orange,1.0,0.021968787515006003,0.0,0.734093637454982,0.6254501800720288,1
orange,1.0,0.021741699161054,0.0,0.0,0.0,1
orange,1.0,0.025974025974025976,0.0,0.0,0.0,1
orange,1.0,0.02694394213381555,0.0,0.0,0.0,1
orange,1.0,0.02496124031007752,0.0,0.0,0.0031007751937984496,1
orange,1.0,0.024614919963757174,0.0,0.0,0.0,1
orange,1.0,0.021420389461626575,0.0,0.0,0.0,1
orange,1.0,0.021212121212121213,0.0,0.0,0.0,1
orange,1.0,0.01686176142697882,0.0,0.17593366778149386,0.5771321070234113,1
orange,1.0,0.031130268199233715,0.0,0.0,0.06297892720306514,1
orange,1.0,0.028782894736842105,0.0,0.0,0.057154605263157895,1
orange,1.0,0.0293236301369863,0.0,0.0,0.030607876712328768,1
orange,1.0,0.03207070707070707,0.0,0.0,0.0,1
orange,1.0,0.02125055629728527,0.0,0.0,0.0,1
orange,1.0,0.019585687382297552,0.0,0.0,0.0,1
orange,1.0,0.021440036688832837,0.0,0.0,0.0,1
orange,1.0,0.030886196246139225,0.0,0.0,0.0,1
orange,1.0,0.03123486682808717,0.0,0.0,0.0,1
orange,1.0,0.0339031339031339,0.0,0.0,0.0,1
orange,1.0,0.03216675244467319,0.0,0.0,0.0,1
orange,1.0,0.021874252928520202,0.0,0.0,0.0,1
orange,1.0,0.023284147827264113,0.0,0.0,0.0,1
orange,1.0,0.022291021671826627,0.0,0.0064396284829721364,0.0,1
orange,1.0,0.025238095238095237,0.0,0.0,0.0,1
orange,1.0,0.023542445644647556,0.0,0.0,0.0,1
orange,1.0,0.03015873015873016,0.0,0.0,0.0,1
orange,1.0,0.029273504273504274,0.0,0.0,0.0,1
orange,1.0,0.028373015873015873,0.0,0.0,0.0,1
orange,1.0,0.03239289446185998,0.0,0.0,0.007053291536050157,1
orange,1.0,0.021167557932263815,0.0,0.0,0.0,1
orange,1.0,0.02280088094312735,0.0,0.0,0.0,1
orange,1.0,0.022634271099744245,0.0,0.0,0.0,1
orange,1.0,0.02243107769423559,0.0,0.0,0.0,1
orange,1.0,0.021728917077754286,0.0,0.7762508809020436,0.6139299976509279,1
orange,1.0,0.012012120337637978,0.0,0.0,0.0,1
orange,1.0,0.025326537113730486,0.0,0.0,0.0,1
orange,1.0,0.021803531224078684,0.0,0.0,0.0,1
orange,1.0,0.022739018087855296,0.0,0.0,0.0,1
orange,1.0,0.02782608695652174,0.0,0.0,0.07111111111111111,1
orange,1.0,0.025003906860446946,0.0,0.0,0.0,1
orange,1.0,0.02564102564102564,0.0,0.0,0.024819197896120974,1
orange,1.0,0.02424331472230385,0.0,0.0,0.0,1
orange,1.0,0.021235955056179777,0.0,0.0,0.0,1
orange,1.0,0.021405677655677656,0.0,0.0,0.0,1
orange,1.0,0.021741699161054,0.0,0.010634526763559022,0.0,1
orange,1.0,0.019086021505376343,0.0,0.4869175627240143,0.7663082437275985,1
orange,1.0,0.0207597645799893,0.0,0.0,0.0,1
orange,1.0,0.021505376344086023,0.0,0.0,0.0,1
orange,1.0,0.021169354838709676,0.0,0.0,0.0,1
orange,1.0,0.02243107769423559,0.0,0.0030075187969924814,0.0,1
orange,1.0,0.021369433877825018,0.0,0.2770194674423809,0.4392481539494294,1
orange,1.0,0.022403003754693368,0.0,0.00688360450563204,0.0037546933667083854,1
orange,1.0,0.022321428571428572,0.0,0.0,0.0,1
orange,1.0,0.013112404081288474,0.0,0.10021924276920482,0.571000927565562,1
orange,1.0,0.02475171886936593,0.0,0.0,0.0,1
orange,1.0,0.03888081395348837,0.0,0.0,0.0,1
orange,1.0,0.03732303732303732,0.0,0.0,0.0,1
orange,1.0,0.025561706284597852,0.0,0.0,0.0,1
orange,1.0,0.020928215137714163,0.0,0.0032530904359141183,0.20386033398395143,1
orange,1.0,0.021627906976744184,0.0,0.0,0.0,1
orange,1.0,0.023128342245989305,0.0,0.0,0.0,1
orange,1.0,0.02215422276621787,0.0,0.0,0.0,1
orange,1.0,0.015274599542334096,0.0,0.2469679633867277,0.5887299771167048,1
orange,1.0,0.029051670471052084,0.0,0.0,0.15397385349657605,1
orange,1.0,0.019566869300911855,0.0,0.6645136778115501,0.7334726443768997,1
orange,1.0,0.01678690344062153,0.0,0.28190899001109876,0.6040510543840177,1
orange,1.0,0.02091503267973856,0.0,0.0,0.0,1
orange,1.0,0.025003906860446946,0.0,0.0,0.0,1
orange,1.0,0.026013513513513515,0.0,0.0,0.0,1
orange,1.0,0.028258706467661692,0.0,0.0,0.0,1
orange,1.0,0.02900608519269777,0.0,0.0,0.0,1
orange,1.0,0.00966183574879227,0.0,0.0,0.41125813904641884,1
orange,1.0,0.022730207929742993,0.0,0.0,0.0,1
orange,1.0,0.02744360902255639,0.0,0.0,0.0,1
orange,1.0,0.026500526500526502,0.0,0.0,0.0,1
orange,1.0,0.02727272727272727,0.0,0.0,0.0027829313543599257,1
orange,1.0,0.020114942528735632,0.0,0.3431430836305985,0.6047364248910028,1
orange,1.0,0.02243107769423559,0.0,0.0,0.0,1
orange,1.0,0.021749408983451537,0.0,0.0,0.0,1
orange,1.0,0.018481182795698926,0.0,0.06317204301075269,0.6959845430107527,1
orange,1.0,0.02368937482478273,0.0,0.0,0.004205214465937763,1
orange,1.0,0.015318168730204433,0.0,0.3915922833285344,0.6396775122372589,1
orange,1.0,0.021858576206402292,0.0,0.0,0.0,1
orange,1.0,0.021858576206402292,0.0,0.0,0.0,1
orange,1.0,0.021212121212121213,0.0,0.0,0.0,1
orange,1.0,0.02181050656660413,0.0,0.3606941838649156,0.6091697936210131,1
orange,1.0,0.021111111111111112,0.0,0.002,0.0,1
orange,1.0,0.04456928838951311,0.0,0.0,0.0149812734082397,1
orange,1.0,0.021980676328502414,0.0,0.0,0.0,1
orange,1.0,0.021622253389434316,0.0,0.0,0.0,1
orange,1.0,0.023392612859097127,0.0,0.0,0.0,1
orange,1.0,0.021739130434782608,0.0,0.001772211720226843,0.009097353497164461,1
orange,1.0,0.023399014778325122,0.0,0.0,0.0,1
orange,1.0,0.013193735103847463,0.0,0.018726591760299626,0.2953694245829077,1
orange,1.0,0.029905335628227194,0.0,0.0,0.0,1
orange,1.0,0.02348901098901099,0.0,0.0,0.0,1
orange,1.0,0.02091503267973856,0.0,0.0,0.0,1
orange,1.0,0.0181010101010101,0.0,0.0,0.0,1
orange,1.0,0.016059757236227823,0.0,0.0,0.0,1
orange,1.0,0.02247191011235955,0.0,0.0,0.0,1
orange,1.0,0.023000660938532716,0.0,0.0,0.0,1
orange,1.0,0.021749408983451537,0.0,0.0,0.0,1
orange,1.0,0.02257450856055802,0.0,0.0,0.0,1
orange,1.0,0.01427569625325586,0.0,0.08289921859346824,0.7220496894409938,1
orange,1.0,0.017593297791317592,0.0,0.0,0.40814927646610816,1
orange,1.0,0.02483719521429653,0.0,0.14993184915947297,0.5350598212933515,1
orange,1.0,0.021279003961516694,0.0,0.0,0.0,1
orange,1.0,0.02193718532725965,0.0,0.0,0.0,1
orange,1.0,0.027236652236652236,0.0,0.0,0.006313131313131313,1
orange,1.0,0.026988636363636364,0.0,0.0,0.025745738636363636,1
orange,1.0,0.04195804195804196,0.0,0.006555944055944056,0.012674825174825174,1
orange,1.0,0.03194164989939638,0.0,0.0,0.0,1
orange,1.0,0.02089000108802089,0.0,0.0,0.0,1
orange,1.0,0.021169354838709676,0.0,0.0,0.0,1
orange,1.0,0.02139588100686499,0.0,0.0,0.0,1
orange,1.0,0.025124843945068663,0.0,0.0,0.0,1
orange,1.0,0.02612066059993259,0.0,0.0,0.0,1
orange,1.0,0.06612903225806452,0.0,0.0,0.0,1
orange,1.0,0.026234567901234566,0.0,0.024691358024691357,0.34310699588477367,1
orange,1.0,0.024954072259644824,0.0,0.031537048377219844,0.2114206981016534,1
orange,1.0,0.024489795918367346,0.0,0.0358600583090379,0.2677842565597668,1
orange,1.0,0.039649122807017545,0.0,0.015789473684210527,0.04421052631578947,1
orange,1.0,0.015727149377081535,0.0,0.01517207351671395,0.19705193043049216,1
orange,1.0,0.029741379310344828,0.0,0.0,0.009482758620689655,1
orange,1.0,0.028477334366524602,0.0,0.0,0.0,1
orange,1.0,0.026553280111072546,0.0,0.0,0.0,1
orange,1.0,0.027820121951219513,0.0,0.0,0.0,1
orange,1.0,0.01588989677822959,0.0,0.0,0.0,1
orange,1.0,0.022291021671826627,0.0,0.0,0.0,1
orange,1.0,0.021420389461626575,0.0,0.0,0.0,1
orange,1.0,0.016070737059506904,0.0,0.0,0.0,1
orange,1.0,0.017241379310344827,0.0,0.0,0.0026010701545778835,1
orange,1.0,0.015712888236732697,0.0,0.0,0.0,1
orange,1.0,0.021390986044383435,0.0,0.0,0.0,1
orange,1.0,0.022727272727272728,0.0,0.0,0.007231404958677686,1
orange,1.0,0.02227361246348588,0.0,0.0,0.21044303797468356,1
orange,1.0,0.013532284805305373,0.0,0.0,0.0,1
orange,1.0,0.022291021671826627,0.0,0.0,0.0,1
orange,1.0,0.02159526297457332,0.0,0.0,0.0,1
orange,1.0,0.022730207929742993,0.0,0.0,0.0,1
orange,1.0,0.023392612859097127,0.0,0.002051983584131327,0.0,1
orange,1.0,0.02154523340669524,0.0,0.0,0.008919263292018998,1
orange,1.0,0.021061966522558474,0.0,0.004655803126039242,0.005099212947566789,1
orange,1.0,0.015931068683362262,0.0,0.08913959831391025,0.7037565088023804,1
orange,1.0,0.022739018087855296,0.0,0.0,0.0,1
orange,1.0,0.021298289339526454,0.0,0.0,0.0,1
orange,1.0,0.023159303882195448,0.0,0.0,0.0,1
orange,1.0,0.006201923076923077,0.0,0.0,0.0,1
orange,1.0,0.023333333333333334,0.0,0.05386666666666667,0.6118666666666667,1
orange,1.0,0.022605363984674328,0.0,0.0,0.0,1
orange,1.0,0.022857889237199582,0.0,0.0,0.0,1
orange,1.0,0.03036576949620428,0.0,0.0,0.0,1
orange,1.0,0.030414746543778803,0.0,0.0,0.014976958525345621,1
orange,1.0,0.032574152542372885,0.0,0.0,0.0,1
orange,1.0,0.03393730227207363,0.0,0.0,0.0,1
orange,1.0,0.008739624081671596,0.0,0.0,0.3492987310371148,1
orange,1.0,0.024706420619185602,0.0,0.0,0.0,1
orange,1.0,0.02633390705679862,0.0,0.0,0.0,1
orange,1.0,0.02484567901234568,0.0,0.0,0.0,1
orange,1.0,0.021315192743764172,0.0,0.0,0.0,1
orange,1.0,0.02987736900780379,0.0,0.0,0.0,1
orange,1.0,0.02821939586645469,0.0,0.0,0.0,1
orange,1.0,0.02079293255763844,0.0,0.0,0.0,1
orange,1.0,0.02154523340669524,0.0,0.0,0.0,1
orange,1.0,0.022730207929742993,0.0,0.0,0.0,1
orange,1.0,0.02275371687136393,0.0,0.00297349709114415,0.0,1
orange,1.0,0.017936507936507938,0.0,0.32301587301587303,0.4696031746031746,1
orange,1.0,0.029324894514767934,0.0,0.270253164556962,0.5379746835443038,1
orange,1.0,0.021637426900584796,0.0,0.010292397660818714,0.007485380116959065,1
orange,1.0,0.022605363984674328,0.0,0.006130268199233717,0.008173690932311623,1
orange,1.0,0.022654957362861144,0.0,0.0,0.0,1
orange,1.0,0.0222522744037374,0.0,0.0,0.0,1
orange,1.0,0.02790262172284644,0.0,0.0,0.0,1
orange,1.0,0.040873015873015874,0.0,0.0,0.0,1
orange,1.0,0.02797339593114241,0.0,0.0,0.0,1
orange,1.0,0.02254305977710233,0.0,0.005319148936170213,0.0,1
orange,1.0,0.02538152610441767,0.0,0.0,0.0,1
orange,1.0,0.025893752088205813,0.0,0.0,0.0,1
orange,1.0,0.028577260665441927,0.0,0.0,0.0,1
orange,1.0,0.02193718532725965,0.0,0.0,0.0,1
orange,1.0,0.025645240835114252,0.0,0.0,0.004109814236396515,1
orange,1.0,0.03180296508847441,0.0,0.003586800573888092,0.0,1
orange,1.0,0.026334026334026334,0.0,0.0,0.0,1
orange,1.0,0.021652621722846443,0.0,0.0,0.0,1
orange,1.0,0.030555555555555555,0.0,0.02662037037037037,0.18125,1
orange,1.0,0.02943722943722944,0.0,0.019264069264069265,0.05108225108225108,1
orange,1.0,0.03262599469496021,0.0,0.0,0.20185676392572943,1
orange,1.0,0.033893557422969185,0.0,0.0070028011204481795,0.07563025210084033,1
orange,1.0,0.01687675070028011,0.0,0.020448179271708684,0.11666666666666667,1
orange,1.0,0.02120413096022852,0.0,0.0,0.07613711272247857,1
orange,1.0,0.030117753623188404,0.0,0.0,0.0,1
orange,1.0,0.02987736900780379,0.0,0.0,0.0,1
orange,1.0,0.028790389395194696,0.0,0.0,0.0,1
orange,1.0,0.02150786308973173,0.0,0.0,0.0,1
orange,1.0,0.020536635706914344,0.0,0.4743034055727554,0.7811145510835913,1
orange,1.0,0.011354186656431908,0.0,0.0,0.0,1
orange,1.0,0.0264301860545992,0.0,0.0,0.0,1
orange,1.0,0.024039829302987197,0.0,0.0,0.0,1
orange,1.0,0.029418126757516764,0.0,0.0,0.0,1
orange,1.0,0.029418126757516764,0.0,0.0,0.006489292667099286,1
orange,1.0,0.028594771241830064,0.0,0.0,0.0,1
orange,1.0,0.016758241758241758,0.0,0.06833791208791208,0.5035714285714286,1
orange,1.0,0.030399274047186932,0.0,0.004083484573502722,0.20712341197822143,1
orange,1.0,0.021286231884057972,0.0,0.0,0.0,1
orange,1.0,0.02259959141981614,0.0,0.0,0.006894790602655771,1
orange,1.0,0.021728917077754286,0.0,0.72774254169603,0.5728212356119333,1
orange,1.0,0.02249747219413549,0.0,0.0,0.0,1
orange,1.0,0.022291021671826627,0.0,0.005448916408668731,0.0,1
orange,1.0,0.02094298245614035,0.0,0.009429824561403509,0.0,1
orange,1.0,0.01726660813579163,0.0,0.20368744512730466,0.5624085455077553,1
orange,1.0,0.02221404025527737,0.0,0.0,0.0,1
orange,1.0,0.023411829134720702,0.0,0.0,0.0,1
orange,1.0,0.02275371687136393,0.0,0.0,0.0,1
orange,1.0,0.02116461366181411,0.0,0.0,0.0,1
orange,1.0,0.015332099051145569,0.0,0.03338347604721129,0.1213839389030317,1
orange,1.0,0.02860501567398119,0.0,0.0,0.032915360501567396,1
orange,1.0,0.025238095238095237,0.0,0.0033333333333333335,0.043333333333333335,1
orange,1.0,0.028717948717948718,0.0,0.0,0.08266666666666667,1
orange,1.0,0.026013513513513515,0.0,0.0,0.0059121621621621625,1
orange,1.0,0.031159420289855074,0.0,0.0,0.01497584541062802,1
orange,1.0,0.027912386121341344,0.0,0.0,0.021709633649932156,1
orange,1.0,0.03194726166328601,0.0,0.0,0.0,1
orange,1.0,0.0221001221001221,0.0,0.007326007326007326,0.006349206349206349,1
orange,1.0,0.02116461366181411,0.0,0.0,0.0,1
orange,1.0,0.022721437740693195,0.0,0.0,0.0,1
orange,1.0,0.022073984232868406,0.0,0.0,0.0036385688295936932,1
orange,1.0,0.022483263862574206,0.0,0.0,0.0,1
orange,1.0,0.02353266888150609,0.0,0.0,0.0,1
orange,1.0,0.022605363984674328,0.0,0.0,0.0,1
orange,1.0,0.023669467787114845,0.0,0.0,0.0,1
orange,1.0,0.023513513513513513,0.0,0.2768918918918919,0.587027027027027,1
orange,1.0,0.02353266888150609,0.0,0.0,0.0,1
orange,1.0,0.021073646850044366,0.0,0.0,0.0,1
orange,1.0,0.023258904837852205,0.0,0.005449229133439659,0.42610313662945243,1
orange,1.0,0.022380595148787197,0.0,0.0,0.014503625906476619,1
orange,1.0,0.02381289865343728,0.0,0.0,0.019418851878100638,1
orange,1.0,0.02454819277108434,0.0,0.0,0.00391566265060241,1
orange,1.0,0.021390986044383435,0.0,0.0,0.0,1
orange,1.0,0.022893772893772892,0.0,0.0,0.004578754578754579,1
orange,1.0,0.023558758314855877,0.0,0.0,0.0,1
orange,1.0,0.02899734531345722,0.0,0.0,0.0,1
orange,1.0,0.0057368438330980594,0.0,0.09702570499983586,0.36476149830931354,1
orange,1.0,0.028381642512077296,0.0,0.0,0.06561996779388084,1
orange,1.0,0.029857397504456328,0.0,0.0,0.0,1
orange,1.0,0.026856524873828405,0.0,0.0,0.019826964671953856,1
orange,1.0,0.023122159850307404,0.0,0.0,0.0,1
orange,1.0,0.027263007840342125,0.0,0.0,0.0,1
orange,1.0,0.023255813953488372,0.0,0.0,0.0,1
orange,1.0,0.005734497659638776,0.0,0.2300089039920926,0.5817819420505322,1
orange,1.0,0.0221001221001221,0.0,0.0,0.0,1
orange,1.0,0.021012101210121013,0.0,0.0,0.0,1
orange,1.0,0.01588572132257866,0.0,0.33249184163536727,0.5784126593190074,1
orange,1.0,0.078125,0.0,0.0,0.0,1
orange,1.0,0.023529411764705882,0.0,0.0,0.018269896193771628,1
orange,1.0,0.02197802197802198,0.0,0.010385219176427967,0.0,1
orange,1.0,0.029653679653679654,0.0,0.0,0.16363636363636364,1
orange,1.0,0.02127659574468085,0.0,0.0,0.0,1
orange,1.0,0.02186379928315412,0.0,0.0,0.0,1
orange,1.0,0.010752688172043012,0.0,0.26734304543877907,0.46080471730835937,1
orange,1.0,0.009877085162423178,0.0,0.24856111598868402,0.5015120476051117,1
orange,1.0,0.010126647182484745,0.0,0.18379223709172948,0.48102855970876274,1
orange,1.0,0.00956959706959707,0.0,0.2698489010989011,0.5379349816849817,1
orange,1.0,0.010929288103201146,0.0,0.31718824653607264,0.4667044911610129,1
orange,1.0,0.004056113571179993,0.0,0.17696895513074365,0.37097438728284393,1
orange,1.0,0.024305555555555556,0.0,0.0,0.11009837962962964,1
orange,1.0,0.022321428571428572,0.0,0.0,0.0,1
orange,1.0,0.016035353535353535,0.0,0.4251893939393939,0.5801767676767676,1
orange,1.0,0.020668564800168723,0.0,0.3814193820520932,0.559105768216809,1
orange,1.0,0.025098039215686273,0.0,0.0,0.0,1
orange,1.0,0.02638888888888889,0.0,0.0,0.0,1
orange,1.0,0.020495214315439034,0.0,0.0,0.0,1
orange,1.0,0.02632034632034632,0.0,0.0,0.0,1
orange,1.0,0.016505636070853463,0.0,0.3927133655394525,0.692163177670424,1
orange,1.0,0.02139588100686499,0.0,0.011899313501144164,0.0,1
orange,1.0,0.015675675675675675,0.0,0.26504504504504506,0.5676876876876877,1
orange,1.0,0.03464755077658303,0.0,0.0,0.07795698924731183,1
orange,1.0,0.029206349206349208,0.0,0.0,0.0,1
orange,1.0,0.03188044831880448,0.0,0.0,0.00896637608966376,1
orange,1.0,0.032467532467532464,0.0,0.0,0.006493506493506494,1
orange,1.0,0.023676099747828524,0.0,0.0,0.0,1
orange,1.0,0.022871994801819364,0.0,0.0,0.007277452891487979,1
orange,1.0,0.02286386203292396,0.0,0.0,0.0,1
orange,1.0,0.023676099747828524,0.0,0.0,0.0,1
orange,1.0,0.021780303030303032,0.0,0.0,0.0,1
orange,1.0,0.021279003961516694,0.0,0.0,0.0,1
orange,1.0,0.023268398268398268,0.0,0.003246753246753247,0.0,1
orange,1.0,0.01844532279314888,0.0,0.03557312252964427,0.600872859025033,1
orange,1.0,0.016035353535353535,0.0,0.4196338383838384,0.6660984848484849,1
orange,1.0,0.022730207929742993,0.0,0.0,0.0,1
orange,1.0,0.021567717996289426,0.0,0.00510204081632653,0.0,1
orange,1.0,0.020125404530744337,0.0,0.0,0.0,1
orange,1.0,0.02041026698278528,0.0,0.0,0.0,1
orange,1.0,0.02186571598336304,0.0,0.0,0.0,1
orange,1.0,0.01913402802730866,0.0,0.05740208408192598,0.5868666906216313,1
orange,1.0,0.022474747474747474,0.0,0.0022727272727272726,0.0,1
orange,1.0,0.01518288474810214,0.0,0.0,0.0,1
orange,1.0,0.018869542842439316,0.0,0.0,0.0,1
orange,1.0,0.025669642857142856,0.0,0.0,0.0,1
orange,1.0,0.026846846846846847,0.0,0.0,0.0,1
orange,1.0,0.024098124098124098,0.0,0.0,0.0,1
orange,1.0,0.02474946856969329,0.0,0.0,0.0,1
orange,1.0,0.03162836669137633,0.0,0.0,0.0,1
orange,1.0,0.022616917965755174,0.0,0.0,0.0,1
orange,1.0,0.027730294396961064,0.0,0.0,0.0,1
orange,1.0,0.03201844262295082,0.0,0.0,0.0,1
orange,1.0,0.02664576802507837,0.0,0.0,0.0,1
orange,1.0,0.021741699161054,0.0,0.0,0.0,1
orange,1.0,0.021749408983451537,0.0,0.0,0.0,1
orange,1.0,0.02259959141981614,0.0,0.004596527068437181,0.0,1
orange,1.0,0.02186379928315412,0.0,0.0,0.0,1
orange,1.0,0.02701252236135957,0.0,0.0,0.0,1
orange,1.0,0.027529761904761904,0.0,0.0,0.0,1
orange,1.0,0.027119252873563218,0.0,0.0,0.014188218390804598,1
orange,1.0,0.014896867838044309,0.0,0.008348794063079777,0.3767325111862927,1
orange,1.0,0.023191094619666047,0.0,0.31235091439173074,0.5944871455075537,1
orange,1.0,0.0223574711215998,0.0,0.0,0.0,1
orange,1.0,0.022727272727272728,0.0,0.0,0.0,1
orange,1.0,0.021369433877825018,0.0,0.027746699485343477,0.42996196017006044,1
orange,1.0,0.021212121212121213,0.0,0.0,0.0,1
orange,1.0,0.022833419823559936,0.0,0.0,0.0,1
orange,1.0,0.026742581090407176,0.0,0.0,0.0,1
orange,1.0,0.028958333333333332,0.0,0.0,0.034375,1
orange,1.0,0.027623285131627734,0.0,0.0,0.0,1
orange,1.0,0.025693893735130847,0.0,0.0,0.0,1
orange,1.0,0.021831988609397248,0.0,0.0,0.0,1
orange,1.0,0.02150786308973173,0.0,0.0,0.0,1
orange,1.0,0.02215422276621787,0.0,0.0,0.0,1
orange,1.0,0.022321428571428572,0.0,0.0,0.0,1
orange,1.0,0.01818329409854696,0.0,0.34621316665313745,0.6212354898936602,1
orange,1.0,0.02483719521429653,0.0,0.22868393154626684,0.5453581705285476,1
orange,1.0,0.02060041407867495,0.0,0.2628364389233954,0.5987577639751552,1
orange,1.0,0.030061892130857647,0.0,0.0033156498673740055,0.0652077807250221,1
orange,1.0,0.02116461366181411,0.0,0.0,0.0,1
orange,1.0,0.027799227799227798,0.0,0.0,0.004826254826254826,1
orange,1.0,0.03162836669137633,0.0,0.0,0.007907091672844082,1
orange,1.0,0.024652147610405323,0.0,0.0,0.003781004234724743,1
orange,1.0,0.04665314401622718,0.0,0.0,0.028904665314401622,1
orange,1.0,0.027051561365286855,0.0,0.0,0.0,1
orange,1.0,0.025859192525859193,0.0,0.0,0.012345679012345678,1
orange,1.0,0.029273504273504274,0.0,0.0,0.03076923076923077,1
orange,1.0,0.022464859437751002,0.0,0.0,0.0,1
orange,1.0,0.02150786308973173,0.0,0.00393154486586494,0.0,1
orange,1.0,0.022347066167290885,0.0,0.0,0.0,1
orange,1.0,0.025937081659973226,0.0,0.0,0.0,1
orange,1.0,0.028782894736842105,0.0,0.0,0.0,1
orange,1.0,0.0266900790166813,0.0,0.0,0.0,1
orange,1.0,0.02921395544346364,0.0,0.0,0.0,1
orange,1.0,0.021749408983451537,0.0,0.0,0.0,1
orange,1.0,0.021212121212121213,0.0,0.012121212121212121,0.0,1
orange,1.0,0.02119309262166405,0.0,0.0,0.0,1
orange,1.0,0.02325895875591616,0.0,0.0,0.0,1
orange,1.0,0.022291021671826627,0.0,0.0,0.0018575851393188853,1
orange,1.0,0.021298289339526454,0.0,0.006797326384955251,0.01586042823156225,1
orange,1.0,0.02257450856055802,0.0,0.0,0.0,1
orange,1.0,0.021691473404869044,0.0,0.0,0.17041652244144456,1
orange,1.0,0.023392612859097127,0.0,0.0,0.0,1
orange,1.0,0.02119309262166405,0.0,0.0,0.0,1
orange,1.0,0.023064687168610817,0.0,0.0,0.0,1
orange,1.0,0.023361976369495167,0.0,0.2643662728249194,0.521750805585392,1
orange,1.0,0.02280088094312735,0.0,0.0,0.0,1
orange,1.0,0.021831988609397248,0.0,0.7215234931181775,0.5902942572377788,1
orange,1.0,0.021672914714151826,0.0,0.0,0.0,1
orange,1.0,0.018638297872340427,0.0,0.23514893617021276,0.5663829787234043,1
orange,1.0,0.01793758043758044,0.0,0.0037805662805662807,0.00361969111969112,1
orange,1.0,0.018532818532818532,0.0,0.0,0.0,1
orange,1.0,0.023346828609986506,0.0,0.248582995951417,0.5004048582995951,1
orange,1.0,0.02117884356790677,0.0,0.0,0.0,1
orange,1.0,0.019433962264150943,0.0,0.0,0.0,1
orange,1.0,0.019433962264150943,0.0,0.0,0.0,1
orange,1.0,0.02105496453900709,0.0,0.0,0.0,1
orange,1.0,0.021431828545371637,0.0,0.0,0.0,1
orange,1.0,0.01998409226486379,0.0,0.0,0.0,1
orange,1.0,0.048199152542372885,0.0,0.0,0.0,1
orange,1.0,0.014926189174412248,0.0,0.11612903225806452,0.5371787862219792,1
orange,1.0,0.02032355915065723,0.0,0.04459049544994945,0.388675429726997,1
orange,1.0,0.01996124031007752,0.0,0.003875968992248062,0.08575581395348837,1
orange,1.0,0.022474747474747474,0.0,0.008838383838383838,0.0,1
orange,1.0,0.025603864734299518,0.0,0.41642512077294686,0.6033816425120773,1
orange,1.0,0.021061966522558474,0.0,0.0,0.0,1
orange,1.0,0.023809523809523808,0.0,0.0,0.0,1
orange,1.0,0.02456298975286317,0.0,0.0,0.0,1
orange,1.0,0.04567901234567901,0.0,0.0,0.0,1
orange,1.0,0.02727272727272727,0.0,0.0,0.0,1
orange,1.0,0.013283305300383836,0.0,0.16914650450683572,0.7288998145512572,1
orange,1.0,0.022730207929742993,0.0,0.0,0.0,1
orange,1.0,0.023542445644647556,0.0,0.0024927295388450354,0.0,1
orange,1.0,0.014844003022778798,0.0,0.00674727410126309,0.05996977221202634,1
orange,1.0,0.016329239960172586,0.0,0.0,0.0,1
orange,1.0,0.018691588785046728,0.0,0.0,0.0,1
orange,1.0,0.023399014778325122,0.0,0.0,0.004105090311986864,1
orange,1.0,0.024184149184149184,0.0,0.0,0.0,1
orange,1.0,0.02832415420928403,0.0,0.0,0.0,1
orange,1.0,0.024250440917107582,0.0,0.0,0.0,1
orange,1.0,0.021167557932263815,0.0,0.007798573975044563,0.015262923351158645,1
orange,1.0,0.02694394213381555,0.0,0.0,0.0,1
orange,1.0,0.029273504273504274,0.0,0.0,0.0,1
orange,1.0,0.03030998851894374,0.0,0.0,0.0,1
orange,1.0,0.02800626713670192,0.0,0.0,0.0,1
orange,1.0,0.021728917077754286,0.0,0.7374911909795631,0.5759924829692271,1
orange,1.0,0.02299154334038055,0.0,0.0,0.0,1
orange,1.0,0.02381289865343728,0.0,0.0,0.0,1
orange,1.0,0.02854251012145749,0.0,0.0,0.26619433198380565,1
orange,1.0,0.022044573643410854,0.0,0.003633720930232558,0.0,1
orange,1.0,0.02243107769423559,0.0,0.0,0.0,1
orange,1.0,0.021874252928520202,0.0,0.0,0.0,1
orange,1.0,0.023015873015873017,0.0,0.0,0.003968253968253968,1
orange,1.0,0.006436258278145695,0.0,0.0,0.0,1
orange,1.0,0.006457055374457139,0.0,0.0,0.0,1
orange,1.0,0.02105496453900709,0.0,0.0,0.0,1
orange,1.0,0.027777777777777776,0.0,0.0,0.0028935185185185184,1
orange,1.0,0.026742734890354787,0.0,0.0,0.024425031199857374,1
orange,1.0,0.021728917077754286,0.0,0.741836974395114,0.5810429880197322,1
orange,1.0,0.021279003961516694,0.0,0.0027164685908319186,0.0,1
orange,1.0,0.0038062122821891442,0.0,0.18745953216499786,0.694705286843169,1
orange,1.0,0.0044191734635211114,0.0,0.4597986766841095,0.7057376170569377,1
orange,1.0,0.004225208035900926,0.0,0.2827998452239583,0.8019533803888081,1
orange,1.0,0.004036958066808813,0.0,0.1773662300741192,0.498596811859072,1
orange,1.0,0.00183984463903328,0.0,0.17368797896181262,0.47182005904115437,1
orange,1.0,0.011750721684496519,0.0,0.019833588045508575,0.17884190864323316,1
orange,1.0,0.03101503759398496,0.0,0.0,0.0,1
orange,1.0,0.02299154334038055,0.0,0.0,0.0,1
orange,1.0,0.02664576802507837,0.0,0.0,0.14629049111807732,1
orange,1.0,0.02186379928315412,0.0,0.0,0.0,1
orange,1.0,0.022474747474747474,0.0,0.0030303030303030303,0.0,1
orange,1.0,0.024266201685556526,0.0,0.0,0.0,1
orange,1.0,0.01487173816895179,0.0,0.0,0.0,1
orange,1.0,0.028790389395194696,0.0,0.01615575807787904,0.15182270091135044,1
orange,1.0,0.027417840375586856,0.0,0.006572769953051643,0.1695774647887324,1
orange,1.0,0.028693528693528692,0.0,0.0,0.0030525030525030525,1
orange,1.0,0.032036613272311214,0.0,0.0,0.02593440122044241,1
orange,1.0,0.016203703703703703,0.0,0.03890174897119342,0.29411008230452673,1
orange,1.0,0.021286231884057972,0.0,0.0,0.0,1
orange,1.0,0.021315192743764172,0.0,0.0,0.0,1
orange,1.0,0.02738970588235294,0.0,0.24981617647058824,0.5332720588235295,1
orange,1.0,0.021874252928520202,0.0,0.0,0.0,1
orange,1.0,0.02474946856969329,0.0,0.0,0.0,1
orange,1.0,0.026875901875901876,0.0,0.0,0.0,1
orange,1.0,0.02218137254901961,0.0,0.0,0.0,1
orange,1.0,0.019345794392523364,0.0,0.0,0.0,1
orange,1.0,0.023128342245989305,0.0,0.0106951871657754,0.0,1
orange,1.0,0.021622253389434316,0.0,0.0,0.0,1
orange,1.0,0.021858576206402292,0.0,0.0,0.004777830864787387,1
orange,1.0,0.0238230289279637,0.0,0.0,0.0,1
orange,1.0,0.029513888888888888,0.0,0.0,0.013454861111111112,1
orange,1.0,0.031818181818181815,0.0,0.0,0.0,1
orange,1.0,0.028717948717948718,0.0,0.0,0.0,1
orange,1.0,0.015847665847665848,0.0,0.29993857493857495,0.6414004914004914,1
orange,1.0,0.03229166666666667,0.0,0.0,0.0,1
orange,1.0,0.030090497737556562,0.0,0.0,0.0165158371040724,1
orange,1.0,0.032574152542372885,0.0,0.0,0.0,1
orange,1.0,0.020213193885760258,0.0,0.006335478680611424,0.4727473853580048,1
orange,1.0,0.028283227848101267,0.0,0.0,0.0,1
orange,1.0,0.026397515527950312,0.0,0.0,0.0,1
orange,1.0,0.026785714285714284,0.0,0.0,0.0,1
orange,1.0,0.027346637102734665,0.0,0.0,0.0,1
orange,1.0,0.020410288451525566,0.0,0.1538061022597105,0.36967614287201916,1
orange,1.0,0.015231599886331344,0.0,0.12208013640238705,0.7381642512077294,1
orange,1.0,0.021741699161054,0.0,0.0,0.0,1
orange,1.0,0.021803531224078684,0.0,0.0,0.0,1
orange,1.0,0.03128054740957967,0.0,0.0,0.05889540566959922,1
orange,1.0,0.03269537480063796,0.0,0.0,0.0,1
orange,1.0,0.029644268774703556,0.0,0.0,0.039964866051822576,1
orange,1.0,0.02943722943722944,0.0,0.0,0.022294372294372294,1
orange,1.0,0.022616917965755174,0.0,0.0,0.0,1
orange,1.0,0.022474747474747474,0.0,0.0,0.0,1
orange,1.0,0.023669467787114845,0.0,0.0,0.0,0
orange,1.0,0.023392612859097127,0.0,0.00984952120383037,0.5317373461012312,0
orange,1.0,0.023122159850307404,0.0,0.0,0.0,0
orange,1.0,0.023676099747828524,0.0,0.0,0.0,0
orange,1.0,0.023669467787114845,0.0,0.017086834733893556,0.1722689075630252,0
orange,1.0,0.020119782893505522,0.0,0.00917087778401647,0.0,0
orange,1.0,0.023676099747828524,0.0,0.0,0.2380218548613057,0
orange,1.0,0.022616917965755174,0.0,0.02402248913876821,0.5738563761819576,0
orange,1.0,0.023809523809523808,0.0,0.0,0.14668367346938777,0
orange,1.0,0.02259959141981614,0.0,0.0,0.42505107252298263,0
orange,1.0,0.02411038489469862,0.0,0.0,0.0,0
orange,1.0,0.023392612859097127,0.0,0.0,0.0024623803009575923,0
orange,1.0,0.02275371687136393,0.0,0.005042016806722689,0.39935358758888173,0
orange,1.0,0.014493460862775717,0.0,0.0,0.006636736287331642,0
orange,1.0,0.023392612859097127,0.0,0.020383036935704514,0.20369357045143638,0
orange,1.0,0.01807951987996999,0.0,0.0,0.0,0
orange,1.0,0.016811137378513266,0.0,0.1720514841082217,0.13836354084581035,0
orange,1.0,0.023669467787114845,0.0,0.0,0.0,0
orange,1.0,0.02243107769423559,0.0,0.0,0.6068922305764411,0
orange,1.0,0.022727272727272728,0.0,0.02440599173553719,0.47895144628099173,0
orange,1.0,0.024099883855981417,0.0,0.0,0.0,0
orange,1.0,0.0072664451126233055,0.0,0.3203829719892388,0.4561903254734399,0
orange,1.0,0.023676099747828524,0.0,0.0,0.3677500700476324,0
orange,1.0,0.01584813653779171,0.0,0.21061186578427957,0.3216068733310113,0
orange,1.0,0.023284147827264113,0.0,0.016380127250575336,0.21524299444970896,0
orange,1.0,0.022347066167290885,0.0,0.0022471910112359553,0.5315855181023721,0
orange,1.0,0.023676099747828524,0.0,0.0025217147660409078,0.0,0
orange,1.0,0.023959827833572454,0.0,0.0,0.0,0
orange,1.0,0.01781524926686217,0.0,0.0,0.0,0
orange,1.0,0.017646211466436187,0.0,0.0,0.0,0
orange,1.0,0.01472213847854487,0.0,0.0,0.008994070947643453,0
orange,1.0,0.023255813953488372,0.0,0.0,0.0,0
orange,1.0,0.02275371687136393,0.0,0.006851971557853911,0.16625727213962507,0
orange,1.0,0.023000660938532716,0.0,0.028949107732980834,0.18003965631196298,0
orange,1.0,0.022233201581027668,0.0,0.030632411067193676,0.1450098814229249,0
orange,1.0,0.017780938833570414,0.0,0.0,0.5688319898846215,0
orange,1.0,0.022222222222222223,0.0,0.009382716049382716,0.4777777777777778,0
orange,1.0,0.01807504575960952,0.0,0.0,0.010067114093959731,0
orange,1.0,0.015140246493837654,0.0,0.01806204844878878,0.0037186570335741606,0
orange,1.0,0.023542445644647556,0.0,0.0,0.0,0
orange,1.0,0.023392612859097127,0.0,0.007660738714090287,0.15554035567715457,0
orange,1.0,0.006797791580400276,0.0,0.0006096158270071314,0.18792270531400967,0
orange,1.0,0.02259185700099305,0.0,0.0,0.0,0
orange,1.0,0.01748053786270347,0.0,0.13453644727530079,0.017338995046001414,0
orange,1.0,0.021958522790285016,0.0,0.0,0.0,0
orange,1.0,0.02381289865343728,0.0,0.0,0.24805102763997164,0
orange,1.0,0.023159303882195448,0.0,0.0,0.0,0
orange,1.0,0.023676099747828524,0.0,0.0021014289717007566,0.09190249369571309,0
orange,1.0,0.023809523809523808,0.0,0.00467687074829932,0.3592687074829932,0
orange,1.0,0.024096385542168676,0.0,0.0130643054144288,0.25910872405283786,0
orange,1.0,0.022730207929742993,0.0,0.0030995738086013174,0.4108226785483663,0
orange,1.0,0.023952954675846242,0.0,0.0,0.0,0
orange,1.0,0.02454819277108434,0.0,0.0,0.0031626506024096386,0
orange,1.0,0.023000660938532716,0.0,0.0,0.20912095175148712,0
orange,1.0,0.023399014778325122,0.0,0.0,0.0,0
orange,1.0,0.02325895875591616,0.0,0.0,0.2196078431372549,0
orange,1.0,0.010152545866831581,0.0,0.4372809729952587,0.4205318491032777,0
orange,1.0,0.017646211466436187,0.0,0.23098530682800344,0.5971622010947853,0
orange,1.0,0.022727272727272728,0.0,0.0038739669421487604,0.6322314049586777,0
orange,1.0,0.02325895875591616,0.0,0.0,0.0,0
orange,1.0,0.022774327122153208,0.0,0.0,0.39855072463768115,0
orange,1.0,0.023542445644647556,0.0,0.0,0.0,0
orange,1.0,0.022739018087855296,0.0,0.0,0.0,0
orange,1.0,0.023268398268398268,0.0,0.002435064935064935,0.11634199134199134,0
orange,1.0,0.023952954675846242,0.0,0.0,0.0,0
orange,1.0,0.022988505747126436,0.0,0.005945303210463734,0.14876469811071474,0
orange,1.0,0.023128342245989305,0.0,0.010160427807486631,0.20240641711229945,0
orange,1.0,0.0083516406876591,0.0,0.24493496530320466,0.6562053213376574,0
orange,1.0,0.023809523809523808,0.0,0.0,0.2536848072562358,0
orange,1.0,0.023952954675846242,0.0,0.0,0.0,0
orange,1.0,0.023669467787114845,0.0,0.0,0.0,0
orange,1.0,0.023000660938532716,0.0,0.0039656311962987445,0.42194315928618636,0
orange,1.0,0.020686274509803922,0.0,0.0,0.0,0
orange,1.0,0.022266204849084613,0.0,0.023874319643740722,0.1491835724888669,0
orange,1.0,0.015718987629099988,0.0,0.0,0.0,0
orange,1.0,0.024393871783430016,0.0,0.004462293618920125,0.6715751896474788,0
orange,1.0,0.02454080096356519,0.0,0.0,0.5323697681421259,0
orange,1.0,0.023809523809523808,0.0,0.0,0.002551020408163265,0
orange,1.0,0.022266204849084613,0.0,0.0,0.3049233052944087,0
orange,1.0,0.0052649444756184575,0.0,0.2200123310541666,0.2456304424631627,0
orange,1.0,0.022116324535679376,0.0,0.026148582600195504,0.20967741935483872,0
orange,1.0,0.02353266888150609,0.0,0.0,0.5657530454042082,0
orange,1.0,0.022403003754693368,0.0,0.01877346683354193,0.13128911138923655,0
orange,1.0,0.015714285714285715,0.0,0.0,0.0,0
orange,1.0,0.019294569582678542,0.0,0.006286013619696176,0.06312205343111577,0
orange,1.0,0.02254305977710233,0.0,0.0,0.5262158054711246,0
orange,1.0,0.023809523809523808,0.0,0.0,0.005952380952380952,0
orange,1.0,0.01692552767821585,0.0,0.0,0.0,0
orange,1.0,0.016887657497196385,0.0,0.0,0.0,0
orange,1.0,0.023669467787114845,0.0,0.0,0.0,0
orange,1.0,0.023809523809523808,0.0,0.0,0.32482993197278914,0
orange,1.0,0.022266204849084613,0.0,0.0029688273132112814,0.2462889658584859,0
orange,1.0,0.007062604319772801,0.0,0.09157719040382652,0.346403926160285,0
orange,1.0,0.02424331472230385,0.0,0.0,0.4449015574493094,0
orange,1.0,0.018571428571428572,0.0,0.029841269841269842,0.07936507936507936,0
orange,1.0,0.015750727615134394,0.0,0.016321406151914627,0.0583804143126177,0
orange,1.0,0.0052061852184907475,0.0,0.2918438685336813,0.3454270086071088,0
orange,1.0,0.023529411764705882,0.0,0.0,0.15820069204152248,0
orange,1.0,0.021701388888888888,0.0,0.0,0.0,0
orange,1.0,0.021701388888888888,0.0,0.0,0.0,0
orange,1.0,0.02325895875591616,0.0,0.002704530087897228,0.10398918187964841,0
orange,1.0,0.02325895875591616,0.0,0.0,0.3169709263015551,0
orange,1.0,0.01700268817204301,0.0,0.0,0.0,0
orange,1.0,0.02257450856055802,0.0,0.012301838934686112,0.1760304375396322,0
orange,1.0,0.0048813023102076475,0.0,0.004751449044398012,0.0021425788858589795,0
orange,1.0,0.022605363984674328,0.0,0.011749680715197957,0.15070242656449553,0
orange,1.0,0.02249747219413549,0.0,0.007457027300303337,0.14496966632962588,0
orange,1.0,0.02353266888150609,0.0,0.0049833887043189366,0.23892580287929124,0
orange,1.0,0.023809523809523808,0.0,0.0,0.0,0
orange,1.0,0.01924223073648361,0.0,0.0486164325244785,0.17999148573861218,0
orange,1.0,0.0063457374288234825,0.0,0.05023458176277167,0.3021292806159275,0
orange,1.0,0.017975886006576545,0.0,0.0,0.0,0
orange,1.0,0.017975886006576545,0.0,0.0,0.0,0
orange,1.0,0.023399014778325122,0.0,0.0,0.19636015325670497,0
orange,1.0,0.009712837837837838,0.0,0.05914508258258258,0.6684731606606606,0
orange,1.0,0.015359477124183006,0.0,0.09379084967320261,0.012309368191721133,0
orange,1.0,0.023809523809523808,0.0,0.003401360544217687,0.10487528344671201,0
orange,1.0,0.022116324535679376,0.0,0.019428152492668622,0.19916911045943303,0
orange,1.0,0.018294573643410854,0.0,0.03666666666666667,0.008294573643410852,0
orange,1.0,0.018476115278326096,0.0,0.23395183576786419,0.12380576391630478,0
orange,1.0,0.02325895875591616,0.0,0.0,0.14672075726842462,0
orange,1.0,0.015453639082751745,0.0,0.0,0.00786529300985931,0
orange,1.0,0.022893772893772892,0.0,0.005886970172684459,0.5307430664573521,0
orange,1.0,0.0238230289279637,0.0,0.0,0.0,0
orange,1.0,0.01894474449522227,0.0,0.0,0.0,0
orange,1.0,0.01894474449522227,0.0,0.0,0.0,0
orange,1.0,0.022291021671826627,0.0,0.0029721362229102165,0.5317647058823529,0
orange,1.0,0.01807504575960952,0.0,0.0,0.0019066503965832825,0
orange,1.0,0.02254305977710233,0.0,0.025709219858156027,0.26659067882472137,0
orange,1.0,0.023268398268398268,0.0,0.0,0.174512987012987,0
orange,1.0,0.0221001221001221,0.0,0.03406593406593406,0.19255189255189256,0
orange,1.0,0.022893772893772892,0.0,0.002354788069073783,0.6351386708529566,0
orange,1.0,0.015782828282828284,0.0,0.2039141414141414,0.006026170798898072,0
orange,1.0,0.02381289865343728,0.0,0.0,0.2208362863217576,0
orange,1.0,0.016514339741569493,0.0,0.10879294043491963,0.04443744090765837,0
orange,1.0,0.022605363984674328,0.0,0.008684546615581098,0.6370370370370371,0
orange,1.0,0.023399014778325122,0.0,0.0,0.0,0
orange,1.0,0.015485739750445633,0.0,0.0066844919786096255,0.0076314616755793225,0
orange,1.0,0.022474747474747474,0.0,0.02537878787878788,0.15151515151515152,0
orange,1.0,0.00527763272410792,0.0,0.001496953872932985,0.10186248912097476,0
orange,1.0,0.02426470588235294,0.0,0.0,0.0,0
orange,1.0,0.01529533004284862,0.0,0.01735640288550198,0.001898356565601779,0
orange,1.0,0.0153905137473984,0.0,0.01752656369810494,0.0019169679044802278,0
orange,1.0,0.023392612859097127,0.0,0.0,0.0,0
orange,1.0,0.017525263232280403,0.0,0.0,0.0,0
orange,1.0,0.023392612859097127,0.0,0.013543091655266758,0.2692202462380301,0
orange,1.0,0.02353266888150609,0.0,0.019795127353266887,0.19102990033222592,0
orange,1.0,0.01455026455026455,0.0,0.06099353321575544,0.002694493435234176,0
orange,1.0,0.02325895875591616,0.0,0.0,0.0,0
orange,1.0,0.02381289865343728,0.0,0.0,0.21785967399007797,0
orange,1.0,0.02325895875591616,0.0,0.005949966193373901,0.24313725490196078,0
orange,1.0,0.015126141213332613,0.0,0.0018907676516665766,0.00162065798714278,0
orange,1.0,0.022634271099744245,0.0,0.010997442455242966,0.25127877237851665,0
orange,1.0,0.007608522702616695,0.0,0.00043394616174619933,0.4714825047372456,0
orange,1.0,0.15360983102918588,0.0,0.0,0.36251920122887865,0
orange,1.0,0.023122159850307404,0.0,0.0024057738572574178,0.08286554397219995,0
orange,1.0,0.023542445644647556,0.0,0.004154549231408392,0.16909015371832156,0
orange,1.0,0.023669467787114845,0.0,0.0,0.2376750700280112,0
orange,1.0,0.006119870865110186,0.0,0.07340101997847752,0.16722968230945587,0
orange,1.0,0.02381289865343728,0.0,0.005669737774627924,0.5452870304748405,0
orange,1.0,0.01659067882472138,0.0,0.01855369807497467,0.04021023302938197,0
orange,1.0,0.01659067882472138,0.0,0.01855369807497467,0.04021023302938197,0
orange,1.0,0.022605363984674328,0.0,0.0367816091954023,0.35530012771392083,0
orange,1.0,0.023399014778325122,0.0,0.0,0.0662287903667214,0
orange,1.0,0.023669467787114845,0.0,0.0,0.0,0
orange,1.0,0.023268398268398268,0.0,0.0,0.1424512987012987,0
orange,1.0,0.01889750783957749,0.0,0.0,0.0,0
orange,1.0,0.02353266888150609,0.0,0.0,0.11351052048726468,0
orange,1.0,0.022266204849084613,0.0,0.0,0.19532409698169223,0
orange,1.0,0.023952954675846242,0.0,0.0,0.0,0
orange,1.0,0.01205913334059787,0.0,0.07471577494460789,0.3336239148596128,0
orange,1.0,0.017080745341614908,0.0,0.24000810153929247,0.251890359168242,0
orange,1.0,0.023128342245989305,0.0,0.0033422459893048127,0.3669786096256685,0
orange,1.0,0.024099883855981417,0.0,0.0078397212543554,0.3384146341463415,0
orange,1.0,0.023392612859097127,0.0,0.0,0.08645690834473324,0
orange,1.0,0.00751763264961356,0.0,0.037250292117748086,0.39981417087832416,0
orange,1.0,0.012273853314315741,0.0,0.0,0.015201561444336011,0
orange,1.0,0.02381289865343728,0.0,0.0,0.5257264351523742,0
orange,1.0,0.02218137254901961,0.0,0.009313725490196078,0.2082107843137255,0
orange,1.0,0.017200191113234592,0.0,0.0,0.0044365572315882874,0
orange,1.0,0.023122159850307404,0.0,0.0,0.2487302860197808,0
orange,1.0,0.01666128511462706,0.0,0.0,0.010332579916047788,0
orange,1.0,0.01666128511462706,0.0,0.0,0.010332579916047788,0
orange,1.0,0.005643879173290938,0.0,0.008664546899841018,0.3213672496025437,0
orange,1.0,0.02381289865343728,0.0,0.0,0.3865343727852587,0
orange,1.0,0.02275371687136393,0.0,0.0067226890756302525,0.17647058823529413,0
orange,1.0,0.008028810177101522,0.0,0.666703043152906,0.5359347717635321,0
orange,1.0,0.024096385542168676,0.0,0.0,0.3990419509362752,0
orange,1.0,0.024099883855981417,0.0,0.002613240418118467,0.40331010452961674,0
orange,1.0,0.0251414204902577,0.0,0.0,0.0,0
orange,1.0,0.024127906976744187,0.0,0.0,0.0,0
orange,1.0,0.018947015425888666,0.0,0.0,0.0,0
orange,1.0,0.01889750783957749,0.0,0.0,0.0,0
orange,1.0,0.01889750783957749,0.0,0.0,0.0,0
orange,1.0,0.02259959141981614,0.0,0.0,0.5026813074565883,0
orange,1.0,0.023122159850307404,0.0,0.00801924619085806,0.1549051055867415,0
orange,1.0,0.00561258226014673,0.0,0.003912276834912938,0.0021883560565508988,0
orange,1.0,0.022616917965755174,0.0,0.0,0.612317914643496,0
orange,1.0,0.022616917965755174,0.0,0.0,0.4723996933299259,0
orange,1.0,0.022347066167290885,0.0,0.01373283395755306,0.1662921348314607,0
orange,1.0,0.023669467787114845,0.0,0.0,0.0,0
orange,1.0,0.017122114923635367,0.0,0.004451749880145196,0.0,0
orange,1.0,0.022352647352647352,0.0,0.0,0.34028471528471527,0
orange,1.0,0.02287581699346405,0.0,0.015163398692810458,0.6257516339869281,0
orange,1.0,0.02424331472230385,0.0,0.006758742286218043,0.40978548339700266,0
orange,1.0,0.022020568663036904,0.0,0.006533575317604356,0.19165154264972778,0
orange,1.0,0.02287581699346405,0.0,0.00823529411764706,0.4807843137254902,0
orange,1.0,0.0042536942313157146,0.0,0.15383010088093207,0.2431843208297812,0
orange,1.0,0.023676099747828524,0.0,0.0021014289717007566,0.2736060521154385,0
orange,1.0,0.023669467787114845,0.0,0.0025210084033613447,0.23515406162464986,0
orange,1.0,0.023529411764705882,0.0,0.0,0.0,0
orange,1.0,0.018947015425888666,0.0,0.0,0.0,0
orange,1.0,0.022363818090954522,0.0,0.0,0.18115942028985507,0
orange,1.0,0.023529411764705882,0.0,0.0257439446366782,0.3080968858131488,0
orange,1.0,0.026472962066182406,0.0,0.23373688458434222,0.023567393058918484,0
orange,1.0,0.02353266888150609,0.0,0.006090808416389812,0.18590808416389812,0
orange,1.0,0.02325895875591616,0.0,0.0,0.34239350912778904,0
orange,1.0,0.024099883855981417,0.0,0.0,0.27656794425087106,0
orange,1.0,0.007889577043976222,0.0,0.001353832747191186,0.1475055242600604,0
orange,1.0,0.02249747219413549,0.0,0.010869565217391304,0.32558139534883723,0
orange,1.0,0.029304029304029304,0.0,0.0,0.0,0
orange,1.0,0.005714332361896832,0.0,0.20007510265389922,0.3861500910211512,0
orange,1.0,0.023399014778325122,0.0,0.0,0.22701149425287356,0
orange,1.0,0.023959827833572454,0.0,0.021520803443328552,0.4974175035868006,0
orange,1.0,0.01666984793535662,0.0,0.0,0.0,0
orange,1.0,0.022893772893772892,0.0,0.020015698587127158,0.28296703296703296,0
orange,1.0,0.022727272727272728,0.0,0.013171487603305785,0.2882231404958678,0
orange,1.0,0.02299154334038055,0.0,0.0,0.21168076109936576,0
orange,1.0,0.023392612859097127,0.0,0.0027359781121751026,0.005198358413132695,0
orange,1.0,0.022857889237199582,0.0,0.044148380355276906,0.1824712643678161,0
orange,1.0,0.016550412175015853,0.0,0.2766645529486367,0.26842105263157895,0
orange,1.0,0.010133156809328615,0.0,0.7103648445655218,0.25014639610968253,0
orange,1.0,0.024096385542168676,0.0,0.00261286108288576,0.30294672666569894,0
orange,1.0,0.0173992673992674,0.0,0.1992814877430262,0.06656804733727811,0
orange,1.0,0.016616691654172913,0.0,0.0,0.0,0
orange,1.0,0.014856962225383278,0.0,0.04731046836309994,0.1542595226805753,0
orange,1.0,0.011872049601916438,0.0,0.09504685408299866,0.26520115549918977,0
orange,1.0,0.012326073805202661,0.0,0.0,0.0,0
orange,1.0,0.023268398268398268,0.0,0.0,0.002435064935064935,0
orange,1.0,0.02381289865343728,0.0,0.0,0.0,0
orange,1.0,0.023399014778325122,0.0,0.006568144499178982,0.21195949644225506,0
orange,1.0,0.021701388888888888,0.0,0.010633680555555556,0.0,0
orange,1.0,0.021701388888888888,0.0,0.010633680555555556,0.0,0
orange,1.0,0.02299154334038055,0.0,0.011627906976744186,0.2243657505285412,0
orange,1.0,0.02353266888150609,0.0,0.0,0.37278516057585825,0
orange,1.0,0.02325895875591616,0.0,0.0,0.3887762001352265,0
orange,1.0,0.024099883855981417,0.0,0.01988966318234611,0.21254355400696864,0
orange,1.0,0.022474747474747474,0.0,0.007575757575757576,0.17184343434343435,0
orange,1.0,0.004979815722165727,0.0,0.024541616591168224,0.09793843024868262,0
orange,1.0,0.016547725245316683,0.0,0.056690454950936664,0.24580731489741303,0
orange,1.0,0.010252256422124508,0.0,0.02443878731775052,0.20884054616986808,0
orange,1.0,0.011389877051738126,0.0,0.0034637708294326906,0.001217000561692567,0
orange,1.0,0.01504811898512686,0.0,0.024059492563429572,0.14195100612423447,0
orange,1.0,0.010582306830907055,0.0,0.047228443449048155,0.07441209406494961,0
orange,1.0,0.010383244206773619,0.0,0.0024509803921568627,0.2157976827094474,0
orange,1.0,0.009112048453385247,0.0,0.0018251135626216742,0.1310972312351287,0
orange,1.0,0.0049745431291044594,0.0,0.02493420567184003,0.09927564748997712,0
orange,1.0,0.023676099747828524,0.0,0.012608573830204538,0.1619501260857383,0
orange,1.0,0.02478580171358629,0.0,0.0,0.0,0
orange,1.0,0.02314071696094168,0.0,0.02902621722846442,0.1839218833600856,0
orange,1.0,0.023529411764705882,0.0,0.002491349480968858,0.20456747404844292,0
orange,1.0,0.0238230289279637,0.0,0.0,0.0,0
orange,1.0,0.023676099747828524,0.0,0.0,0.1546651723171757,0
orange,1.0,0.023669467787114845,0.0,0.011764705882352941,0.4253501400560224,0
orange,1.0,0.007286578891484392,0.0,0.2559062433637715,0.18400934380972606,0
orange,1.0,0.023952954675846242,0.0,0.005450372920252439,0.25014343086632246,0
orange,1.0,0.023392612859097127,0.0,0.0,0.0,0
orange,1.0,0.023669467787114845,0.0,0.01288515406162465,0.2284313725490196,0
orange,1.0,0.023669467787114845,0.0,0.009243697478991597,0.21862745098039216,0
orange,1.0,0.009348013816925734,0.0,0.013169257340241797,0.35649827288428326,0
orange,1.0,0.008277192863671757,0.0,0.01911032871796608,0.07994515724973764,0
orange,1.0,0.024614919963757174,0.0,0.0,0.0,0
orange,1.0,0.023542445644647556,0.0,0.006647278770253427,0.08738401883395651,0
orange,1.0,0.008333912077227586,0.0,0.01757066462948816,0.30760816723383566,0
orange,1.0,0.0074601983829290655,0.0,0.0045983718151760165,0.0918146203217471,0
orange,1.0,0.023676099747828524,0.0,0.0033622863547212102,0.0025217147660409078,0
orange,1.0,0.022380595148787197,0.0,0.0,0.11140285071267816,0
orange,1.0,0.004472655470900315,0.0,0.01637979177470182,0.3183912401771112,0
orange,1.0,0.023255813953488372,0.0,0.0,0.0,0
orange,1.0,0.023529411764705882,0.0,0.008027681660899655,0.36401384083044985,0
orange,1.0,0.00531647338270225,0.0,0.0,0.0,0
orange,1.0,0.004320642030608436,0.0,0.0,0.0,0
orange,1.0,0.005467958917980616,0.0,0.0,0.0,0
orange,1.0,0.006461688080944099,0.0,0.0,0.0,0
orange,1.0,0.006443502956375995,0.0,0.0,0.0,0
orange,1.0,0.0026134110115447595,0.0,0.0,0.0,0
orange,1.0,0.023399014778325122,0.0,0.009852216748768473,0.19499178981937604,0
orange,1.0,0.023558758314855877,0.0,0.0,0.0,0
orange,1.0,0.018670160497870947,0.0,0.0,0.0,0
orange,1.0,0.024099883855981417,0.0,0.0,0.0,0
orange,1.0,0.02368937482478273,0.0,0.02579198205775161,0.17788057190916737,0
orange,1.0,0.023959827833572454,0.0,0.0,0.4436154949784792,0
orange,1.0,0.014035087719298246,0.0,0.0,0.012880886426592797,0
orange,1.0,0.023268398268398268,0.0,0.005681818181818182,0.11823593073593074,0
orange,1.0,0.023529411764705882,0.0,0.0,0.16332179930795848,0
orange,1.0,0.022224966045190763,0.0,0.0,0.3851092727497222,0
orange,1.0,0.02353266888150609,0.0,0.0,0.09011627906976744,0
orange,1.0,0.01889750783957749,0.0,0.0,0.012295758375969633,0
orange,1.0,0.02299154334038055,0.0,0.004228329809725159,0.11971458773784355,0
orange,1.0,0.02381289865343728,0.0,0.002126151665485471,0.008079376328844791,0
orange,1.0,0.0238230289279637,0.0,0.0,0.004254112308564946,0
orange,1.0,0.006570740310577709,0.0,0.3003183206435239,0.4187099410676646,0
orange,1.0,0.007043473955238661,0.0,0.6499678154089918,0.6923400673400674,0
orange,1.0,0.024099883855981417,0.0,0.0,0.3479965156794425,0
orange,1.0,0.022605363984674328,0.0,0.0,0.28978288633461047,0
orange,1.0,0.023809523809523808,0.0,0.03571428571428571,0.28160430839002265,0
orange,1.0,0.022116324535679376,0.0,0.005376344086021506,0.2701612903225806,0
orange,1.0,0.015048671402262563,0.0,0.10839252828203104,0.18316232570376217,0
orange,1.0,0.015048671402262563,0.0,0.10839252828203104,0.18316232570376217,0
orange,1.0,0.018906531347192668,0.0,0.0,0.0,0
orange,1.0,0.006055442569486432,0.0,0.006550138331592737,0.28179336374796166,0
orange,1.0,0.024725274725274724,0.0,0.0,0.0,0
orange,1.0,0.022347066167290885,0.0,0.0,0.20199750312109863,0
orange,1.0,0.023809523809523808,0.0,0.015447845804988663,0.27040816326530615,0
orange,1.0,0.02368937482478273,0.0,0.0,0.15306980656013458,0
orange,1.0,0.022988505747126436,0.0,0.0047562425683709865,0.18470075307174,0
orange,1.0,0.02368937482478273,0.0,0.0,0.0,0
orange,1.0,0.022474747474747474,0.0,0.028282828282828285,0.2743686868686869,0
orange,1.0,0.022363818090954522,0.0,0.0024987506246876563,0.318215892053973,0
orange,1.0,0.017081802096093644,0.0,0.0,0.0,0
orange,1.0,0.024099883855981417,0.0,0.0,0.0,0
orange,1.0,0.023676099747828524,0.0,0.006304286915102269,0.23858223592042588,0
orange,1.0,0.017119565217391303,0.0,0.0,0.0,0
orange,1.0,0.023542445644647556,0.0,0.005816368923971749,0.15330286663896966,0
orange,1.0,0.023255813953488372,0.0,0.01041103299080584,0.10951865873445106,0
orange,1.0,0.02280088094312735,0.0,0.0,0.25573260785075785,0
orange,1.0,0.02299154334038055,0.0,0.007267441860465116,0.16041226215644822,0
orange,1.0,0.019139566395663957,0.0,0.13219850948509485,0.044715447154471545,0
orange,1.0,0.024390243902439025,0.0,0.0,0.0,0
orange,1.0,0.02275371687136393,0.0,0.00788623141564318,0.4466709760827408,0
orange,1.0,0.022233201581027668,0.0,0.0037055335968379445,0.18243577075098813,0
orange,1.0,0.009091660467807256,0.0,0.006343499462765518,0.0,0
orange,1.0,0.02325895875591616,0.0,0.0032454361054766734,0.1506423258958756,0
orange,1.0,0.004529096634359792,0.0,0.012626262626262626,0.31606551343393446,0
orange,1.0,0.023000660938532716,0.0,0.0,0.29715796430931923,0
orange,1.0,0.023529411764705882,0.0,0.0,0.20982698961937715,0
orange,1.0,0.023122094445803768,0.0,0.42733056031318817,0.5324198678737461,0
orange,1.0,0.023669467787114845,0.0,0.0,0.1627450980392157,0
orange,1.0,0.019044437019712663,0.0,0.0,0.024056130972268625,0
orange,1.0,0.005270101374809055,0.0,0.002381613664768782,0.10373559227885015,0
orange,1.0,0.022403003754693368,0.0,0.03454317897371715,0.13241551939924906,0
orange,1.0,0.019091673675357444,0.0,0.0,0.0,0
orange,1.0,0.02325895875591616,0.0,0.0,0.0,0
orange,1.0,0.021332217923245845,0.0,0.0,0.0,0
orange,1.0,0.023809523809523808,0.0,0.0,0.0021258503401360546,0
orange,1.0,0.01523359974253071,0.0,0.0031647267070750414,0.0,0
orange,1.0,0.02287581699346405,0.0,0.0,0.0,0
orange,1.0,0.02431476569407604,0.0,0.0,0.0,0
orange,1.0,0.017004534542544678,0.0,0.0,0.0,0
orange,1.0,0.017042404723564143,0.0,0.0,0.0,0
orange,1.0,0.023959827833572454,0.0,0.004734576757532282,0.20588235294117646,0
orange,1.0,0.0238230289279637,0.0,0.0,0.0,0
orange,1.0,0.018571428571428572,0.0,0.1123015873015873,0.19690476190476192,0
orange,1.0,0.023676099747828524,0.0,0.0,0.0,0
orange,1.0,0.024390243902439025,0.0,0.01635930993456276,0.33387864366448544,0
orange,1.0,0.005007206868458984,0.0,0.07629880303315159,0.3370997054584195,0
orange,1.0,0.023122159850307404,0.0,0.03314621758887998,0.243785084202085,0
orange,1.0,0.02353266888150609,0.0,0.0024916943521594683,0.11890919158361019,0
orange,1.0,0.0238230289279637,0.0,0.0,0.0,0
orange,1.0,0.023809523809523808,0.0,0.0,0.3262471655328798,0
orange,1.0,0.02254305977710233,0.0,0.008991894630192503,0.15134245187436676,0
orange,1.0,0.013233752620545073,0.0,0.5485237596086653,0.7745894479385046,0
orange,1.0,0.012628569159286764,0.0,0.5049839164449387,0.6283308843969659,0
orange,1.0,0.023000660938532716,0.0,0.0044943820224719105,0.4966292134831461,0
orange,1.0,0.023809523809523808,0.0,0.0,0.0,0
orange,1.0,0.018709150326797385,0.0,0.0,0.0,0
orange,1.0,0.018757712875359933,0.0,0.0,0.0,0
orange,1.0,0.0238230289279637,0.0,0.0,0.006239364719228588,0
orange,1.0,0.025793650793650792,0.0,0.2425595238095238,0.7625661375661376,0
orange,1.0,0.027242401779095628,0.0,0.2566716085989622,0.8274647887323944,0
orange,1.0,0.028577260665441927,0.0,0.17391304347826086,0.639110022453562,0
orange,1.0,0.00976850311356182,0.0,0.5212482768455579,0.4261539192850692,0
orange,1.0,0.034575260804769005,0.0,0.6694485842026826,0.888822652757079,0
orange,1.0,0.03970125786163522,0.0,0.7252358490566038,0.6116352201257862,0
orange,1.0,0.036556995679627786,0.0,0.39980059820538383,0.8344965104685942,0
orange,1.0,0.023542445644647556,0.0,0.0024927295388450354,0.0,0
orange,1.0,0.023392612859097127,0.0,0.0,0.0,0
orange,1.0,0.023669467787114845,0.0,0.008683473389355743,0.15126050420168066,0
orange,1.0,0.023015873015873017,0.0,0.0,0.1312169312169312,0
orange,1.0,0.023392612859097127,0.0,0.0,0.0,0
orange,1.0,0.02286386203292396,0.0,0.00509537496733734,0.446563888163052,0
orange,1.0,0.01605203484902733,0.0,0.0,0.0,0
orange,1.0,0.023000660938532716,0.0,0.0,0.32174487772637145,0
orange,1.0,0.0045558322418318585,0.0,0.014283569494561475,0.3283460775837522,0
orange,1.0,0.014668817421111,0.0,0.0,0.0,0
orange,1.0,0.02259959141981614,0.0,0.003830439223697651,0.3687436159346272,0
orange,1.0,0.02215422276621787,0.0,0.0,0.25397796817625456,0
orange,1.0,0.015264293419633226,0.0,0.009924487594390506,0.006148867313915857,0
orange,1.0,0.010178182948306226,0.0,0.4372733865119652,0.4237801719672641,0
orange,1.0,0.005756837797988835,0.0,0.009915014164305949,0.33983566091811207,0
orange,1.0,0.01673585884795018,0.0,0.060262065386611316,0.12149714582252205,0
orange,1.0,0.015020790020790022,0.0,0.0,0.0,0
orange,1.0,0.023399014778325122,0.0,0.0,0.0,0
orange,1.0,0.023399014778325122,0.0,0.0,0.303639846743295,0
orange,1.0,0.022730207929742993,0.0,0.002324680356450988,0.472168410176934,0
orange,1.0,0.01673585884795018,0.0,0.22314478463933576,0.16813700051894137,0
orange,1.0,0.023952954675846242,0.0,0.007458405048766495,0.0,0
orange,1.0,0.023128342245989305,0.0,0.0,0.16644385026737968,0
orange,1.0,0.004631927212572374,0.0,0.11098481816483897,0.12389871661463753,0
orange,1.0,0.022616917965755174,0.0,0.0,0.4671607462305137,0
orange,1.0,0.019592198581560284,0.0,0.13785460992907803,0.0725177304964539,0
orange,1.0,0.02247191011235955,0.0,0.014392122206792072,0.22711778815806086,0
orange,1.0,0.022792022792022793,0.0,0.3737733459955682,0.43012029123140233,0
orange,1.0,0.01582205916074295,0.0,0.0,0.008942903003898188,0
orange,1.0,0.024099883855981417,0.0,0.010017421602787456,0.2902148664343786,0
orange,1.0,0.02381289865343728,0.0,0.0025513819985825657,0.3010630758327427,0
orange,1.0,0.019488536155202824,0.0,0.19303350970017635,0.0,0
orange,1.0,0.02381289865343728,0.0,0.01630049610205528,0.22395464209780297,0
orange,1.0,0.023669467787114845,0.0,0.0,0.0,0
orange,1.0,0.023529411764705882,0.0,0.006920415224913495,0.4142560553633218,0
orange,1.0,0.024393871783430016,0.0,0.00535475234270415,0.2875204521790867,0
orange,1.0,0.023839931885908897,0.0,0.0,0.0,0
orange,1.0,0.023839931885908897,0.0,0.0,0.0,0
orange,1.0,0.0221001221001221,0.0,0.0,0.33833943833943836,0
orange,1.0,0.023952954675846242,0.0,0.0,0.010900745840504877,0
orange,1.0,0.004850046860356139,0.0,0.7379451733833177,0.6349285379568884,0
orange,1.0,0.01564811653579151,0.0,0.0,0.001422556048708319,0
orange,1.0,0.01980108499095841,0.0,0.013833634719710669,0.005877034358047016,0
orange,1.0,0.01985247245241781,0.0,0.013933157271651033,0.005919315180766779,0
orange,1.0,0.023411829134720702,0.0,0.005750273822562979,0.11007667031763417,0
orange,1.0,0.005116725295810681,0.0,0.08798940106903011,0.23294152966591178,0
orange,1.0,0.023392612859097127,0.0,0.0,0.19562243502051985,0
orange,1.0,0.024393871783430016,0.0,0.0,0.0,0
orange,1.0,0.022363818090954522,0.0,0.0037481259370314842,0.6812843578210894,0
orange,1.0,0.023809523809523808,0.0,0.004251700680272109,0.0,0
orange,1.0,0.014164173522812266,0.0,0.0,0.026692221391174272,0
orange,1.0,0.023000660938532716,0.0,0.00885657633840053,0.5729015201586253,0
orange,1.0,0.02287581699346405,0.0,0.0,0.11816993464052288,0
orange,1.0,0.02353266888150609,0.0,0.052464008859357696,0.25359911406423036,0
orange,1.0,0.022774327122153208,0.0,0.007763975155279503,0.4224896480331263,0
orange,1.0,0.022233201581027668,0.0,0.012845849802371542,0.2418478260869565,0
orange,1.0,0.023952954675846242,0.0,0.0,0.0021514629948364886,0
orange,1.0,0.0062908634111118805,0.0,0.13102008921947794,0.26399865478392465,0
orange,1.0,0.023959827833572454,0.0,0.0,0.0,0
orange,1.0,0.01939655172413793,0.0,0.0,0.04181034482758621,0
orange,1.0,0.014191729323308271,0.0,0.0,0.0,0
orange,1.0,0.007320354542576765,0.0,0.74667616334283,0.7561332700221589,0
orange,1.0,0.0073439878234398785,0.0,0.6957382039573821,0.7431506849315068,0
orange,1.0,0.022634271099744245,0.0,0.003069053708439898,0.48145780051150894,0
orange,1.0,0.0058302140280019265,0.0,0.0,0.008187648395846184,0
orange,1.0,0.023529411764705882,0.0,0.0029065743944636678,0.30103806228373703,0
orange,1.0,0.006672672071531044,0.0,0.11251237224613263,0.41301615898753324,0
orange,1.0,0.023392612859097127,0.0,0.012175102599179206,0.08467852257181943,0
orange,1.0,0.02325895875591616,0.0,0.0,0.07734956051386072,0
orange,1.0,0.022363818090954522,0.0,0.021864067966016993,0.32033983008495753,0
orange,1.0,0.022616917965755174,0.0,0.0,0.6171735241502684,0
orange,1.0,0.023669467787114845,0.0,0.01288515406162465,0.31484593837535013,0
orange,1.0,0.023529411764705882,0.0,0.0,0.1898961937716263,0
orange,1.0,0.02254305977710233,0.0,0.0,0.5311550151975684,0
orange,1.0,0.005151085241510985,0.0,0.18424576709404542,0.4700149825645377,0
orange,1.0,0.0238230289279637,0.0,0.019852524106636415,0.41123085649461144,0
orange,1.0,0.023952954675846242,0.0,0.0,0.0,0
orange,1.0,0.006890580896131313,0.0,0.16830332787779595,0.1411323798002799,0
orange,1.0,0.023122159850307404,0.0,0.0,0.14728682170542637,0
orange,1.0,0.023952954675846242,0.0,0.0025817555938037868,0.22117039586919104,0
orange,1.0,0.02353266888150609,0.0,0.0,0.005537098560354375,0
orange,1.0,0.016404690618762475,0.0,0.016404690618762475,0.0,0
orange,1.0,0.023392612859097127,0.0,0.004103967168262654,0.2618331053351573,0
orange,1.0,0.017048554282596835,0.0,0.0,0.0,0
orange,1.0,0.023676099747828524,0.0,0.0,0.0,0
orange,1.0,0.00523621051480289,0.0,0.19445754636370471,0.4839256540136306,0
orange,1.0,0.023392612859097127,0.0,0.0,0.0692202462380301,0
orange,1.0,0.00925531914893617,0.0,0.008872340425531915,0.5726595744680851,0
orange,1.0,0.022363818090954522,0.0,0.0,0.4306596701649175,0
orange,1.0,0.02353266888150609,0.0,0.0,0.11600221483942415,0
orange,1.0,0.015209326974032857,0.0,0.0022257551669316376,0.0,0
orange,1.0,0.02254305977710233,0.0,0.003799392097264438,0.5766210739614995,0
orange,1.0,0.022605363984674328,0.0,0.012005108556832695,0.19719029374201788,0
orange,1.0,0.022363818090954522,0.0,0.0,0.2261369315342329,0
orange,1.0,0.00944741532976827,0.0,0.02531194295900178,0.5763591800356507,0
orange,1.0,0.02785313799963827,0.0,0.31470428648941945,0.1166576234400434,0
orange,1.0,0.023411829134720702,0.0,0.0,0.0,0
orange,1.0,0.02353266888150609,0.0,0.0,0.0,0
orange,1.0,0.02197802197802198,0.0,0.0028982007003985027,0.28233305156382077,0
orange,1.0,0.01843062806517956,0.0,0.0,0.0,0
orange,1.0,0.018296973961998593,0.0,0.0,0.0,0
orange,1.0,0.023809523809523808,0.0,0.0,0.2046485260770975,0
orange,1.0,0.023128342245989305,0.0,0.004010695187165776,0.19090909090909092,0
orange,1.0,0.023529411764705882,0.0,0.011349480968858131,0.08304498269896193,0
orange,1.0,0.02411038489469862,0.0,0.0,0.0,0
orange,1.0,0.023392612859097127,0.0,0.0038303693570451436,0.0719562243502052,0
orange,1.0,0.02426470588235294,0.0,0.0,0.0,0
orange,1.0,0.023392612859097127,0.0,0.0,0.0,0
orange,1.0,0.02259959141981614,0.0,0.0,0.35916751787538304,0
orange,1.0,0.019287320532779796,0.0,0.0,0.0,0
orange,1.0,0.024099883855981417,0.0,0.01016260162601626,0.18655632984901277,0
orange,1.0,0.013900134952766532,0.0,0.0,0.0,0
orange,1.0,0.02325895875591616,0.0,0.0,0.0,0
orange,1.0,0.023399014778325122,0.0,0.0,0.1235632183908046,0
orange,1.0,0.018849206349206348,0.0,0.0,0.0,0
orange,1.0,0.015048671402262563,0.0,0.0,0.006261510128913444,0
orange,1.0,0.022403003754693368,0.0,0.0022528160200250315,0.2951188986232791,0
orange,1.0,0.015453639082751745,0.0,0.03927107566190318,0.0,0
orange,1.0,0.022363818090954522,0.0,0.02936031984007996,0.28160919540229884,0
orange,1.0,0.02381289865343728,0.0,0.0073706591070163,0.34727143869596033,0
orange,1.0,0.02249747219413549,0.0,0.0,0.5077098078867543,0
orange,1.0,0.023676099747828524,0.0,0.0,0.0,0
orange,1.0,0.01768756795940558,0.0,0.0,0.0,0
orange,1.0,0.016850249147652766,0.0,0.12083661159192237,0.014883293994230265,0
orange,1.0,0.01715887339349193,0.0,0.0,0.0,0
orange,1.0,0.022605363984674328,0.0,0.013537675606641124,0.2186462324393359,0
orange,1.0,0.023128342245989305,0.0,0.0,0.0,0
orange,1.0,0.023952954675846242,0.0,0.030694205393000575,0.2927423981640849,0
orange,1.0,0.022605363984674328,0.0,0.0038314176245210726,0.6687100893997445,0
orange,1.0,0.023952954675846242,0.0,0.0,0.0,0
orange,1.0,0.01960267229254571,0.0,0.0,0.0,0
orange,1.0,0.01960267229254571,0.0,0.0,0.0,0
orange,1.0,0.023676099747828524,0.0,0.009806668534603531,0.09400392266741384,0
orange,1.0,0.02325895875591616,0.0,0.002028397565922921,0.1068289384719405,0
orange,1.0,0.02268649064342476,0.0,0.0,0.5954883363240194,0
orange,1.0,0.02287581699346405,0.0,0.0,0.3918954248366013,0
orange,1.0,0.023809523809523808,0.0,0.003401360544217687,0.4861111111111111,0
orange,1.0,0.023669467787114845,0.0,0.01526610644257703,0.0861344537815126,0
orange,1.0,0.024099883855981417,0.0,0.0,0.3932926829268293,0
orange,1.0,0.01843062806517956,0.0,0.0,0.0,0
orange,1.0,0.018343653250773993,0.0,0.0,0.0,0
orange,1.0,0.023952954675846242,0.0,0.0,0.0,0
orange,1.0,0.023399014778325122,0.0,0.0,0.07033388067870827,0
orange,1.0,0.012339093947798876,0.0,0.0028091885356660265,0.0,0
orange,1.0,0.024250440917107582,0.0,0.009994121105232217,0.24441504997060554,0
orange,1.0,0.023952954675846242,0.0,0.004302925989672977,0.17254733218588642,0
orange,1.0,0.022363818090954522,0.0,0.0,0.03648175912043978,0
orange,1.0,0.05303030303030303,0.0,0.5234159779614325,0.38154269972451793,0
orange,1.0,0.02325895875591616,0.0,0.0,0.0,0
orange,1.0,0.022774327122153208,0.0,0.0038819875776397515,0.5157867494824017,0
orange,1.0,0.02254305977710233,0.0,0.005572441742654508,0.2077001013171226,0
orange,1.0,0.02424331472230385,0.0,0.0,0.0,0
orange,1.0,0.022517394054395953,0.0,0.004680581910183428,0.1883617963314358,0
orange,1.0,0.00665107762899561,0.0,0.15266594604134037,0.1293485694116609,0
orange,1.0,0.023000660938532716,0.0,0.005551883674818242,0.09200264375413086,0
orange,1.0,0.023392612859097127,0.0,0.0,0.21176470588235294,0
orange,1.0,0.024096385542168676,0.0,0.00261286108288576,0.4620409348236319,0
orange,1.0,0.023392612859097127,0.0,0.0036935704514363885,0.2818057455540356,0
orange,1.0,0.02381289865343728,0.0,0.0025513819985825657,0.27228915662650605,0
orange,1.0,0.013546798029556651,0.0,0.0014863258026159335,0.0,0
orange,1.0,0.007106611799752594,0.0,0.021572290525359118,0.16566105374769635,0
orange,1.0,0.017822520507084265,0.0,0.20693512304250558,0.04220730797912006,0
orange,1.0,0.02353266888150609,0.0,0.0,0.0,0
orange,1.0,0.022483263862574206,0.0,0.028419856006062904,0.17329796640141468,0
orange,1.0,0.02353266888150609,0.0,0.0,0.0,0
orange,1.0,0.022403003754693368,0.0,0.0,0.2230287859824781,0
orange,1.0,0.023669467787114845,0.0,0.0,0.0,0
orange,1.0,0.023676099747828524,0.0,0.0,0.0,0
orange,1.0,0.024096385542168676,0.0,0.0,0.0,0
orange,1.0,0.0233999494055148,0.0,0.0,0.048064760941057424,0
orange,1.0,0.016018169864323712,0.0,0.11176857330703485,0.041718964795887874,0
orange,1.0,0.02299154334038055,0.0,0.0,0.19780655391120508,0
orange,1.0,0.02913175932977913,0.0,0.2361005331302361,0.6193830921553694,0
orange,1.0,0.014666029013231309,0.0,0.0,0.788564748392582,0
orange,1.0,0.02381289865343728,0.0,0.0,0.0,0
orange,1.0,0.02381289865343728,0.0,0.01190644932671864,0.24890148830616585,0
orange,1.0,0.023669467787114845,0.0,0.0,0.10434173669467788,0
orange,1.0,0.02353266888150609,0.0,0.0,0.006090808416389812,0
orange,1.0,0.005064668971699321,0.0,0.27050838775771546,0.341260084517864,0
orange,1.0,0.023542445644647556,0.0,0.0,0.12615981166043486,0
orange,1.0,0.02431476569407604,0.0,0.0,0.0,0
orange,1.0,0.023669467787114845,0.0,0.0,0.0,0
orange,1.0,0.022483263862574206,0.0,0.007704938739421498,0.165214096248579,0
orange,1.0,0.02706766917293233,0.0,0.4008354218880535,0.5124477861319967,0
orange,1.0,0.009714460871000448,0.0,0.03876352832991441,0.35639338850769847,0
orange,1.0,0.023399014778325122,0.0,0.0,0.0,0
orange,1.0,0.015291005291005291,0.0,0.0,0.0,0
orange,1.0,0.022483263862574206,0.0,0.0,0.15473032714412024,0
orange,1.0,0.024250440917107582,0.0,0.0,0.0,0
orange,1.0,0.007009803921568627,0.0,0.38307598039215685,0.3418014705882353,0
orange,1.0,0.023959827833572454,0.0,0.0,0.2393113342898135,0
orange,1.0,0.0052225017556060075,0.0,0.009245055327156327,0.3611434960763058,0
orange,1.0,0.022380595148787197,0.0,0.0,0.5523880970242561,0
orange,1.0,0.020394420394420396,0.0,0.34035594035594036,0.2531986531986532,0
orange,1.0,0.023676099747828524,0.0,0.0,0.0,0
orange,1.0,0.01568760227978105,0.0,0.0,0.0,0
orange,1.0,0.015918367346938776,0.0,0.0,0.0,0
orange,1.0,0.023529411764705882,0.0,0.0,0.09093425605536332,0
orange,1.0,0.023669467787114845,0.0,0.00784313725490196,0.17478991596638654,0
orange,1.0,0.01938793253347244,0.0,0.0,0.003129890453834116,0
orange,1.0,0.023392612859097127,0.0,0.0,0.11354309165526676,0
orange,1.0,0.005362834907963128,0.0,0.00493208511615886,0.29639893174051635,0
orange,1.0,0.022739018087855296,0.0,0.043669250645994834,0.530749354005168,0
orange,1.0,0.016927606048441055,0.0,0.16004282082162452,0.025291047771979124,0
orange,1.0,0.023952954675846242,0.0,0.00774526678141136,0.25645438898450945,0
orange,1.0,0.005057840289456251,0.0,0.004962289150486673,0.4781251592518983,0
orange,1.0,0.015298427063132945,0.0,0.03738418444300797,0.09114414996767937,0
orange,1.0,0.023959827833572454,0.0,0.0,0.3246771879483501,0
orange,1.0,0.016967126193001062,0.0,0.12208377518557795,0.06349416755037116,0
orange,1.0,0.007105894231982835,0.0,0.4049854852959737,0.36919096301905846,0
orange,1.0,0.022517394054395953,0.0,0.0,0.2814674256799494,0
orange,1.0,0.023669467787114845,0.0,0.0,0.0,0
orange,1.0,0.023392612859097127,0.0,0.020930232558139535,0.29835841313269496,0
orange,1.0,0.009193806277875957,0.0,0.007931498779769418,0.5777581418833628,0
orange,1.0,0.02381289865343728,0.0,0.0,0.3581856839121191,0
orange,1.0,0.02254305977710233,0.0,0.009625126646403243,0.25987841945288753,0
orange,1.0,0.023669467787114845,0.0,0.0,0.1704481792717087,0
